{
    "A": {
        "14/4/2025": {
            "11:00 - 12:45": [
                {
                    "order_id": 1,
                    "building": "A4",
                    "room": "202",
                    "weight": 3.86,
                    "hour": "12:00",
                    "date": "14/4/2025"
                },
                {
                    "order_id": 2,
                    "building": "A5",
                    "room": "202",
                    "weight": 0.58,
                    "hour": "12:00",
                    "date": "14/4/2025"
                },
                {
                    "order_id": 3,
                    "building": "A14",
                    "room": "302",
                    "weight": 3.86,
                    "hour": "12:00",
                    "date": "14/4/2025"
                },
                {
                    "order_id": 4,
                    "building": "A6",
                    "room": "101",
                    "weight": 3.95,
                    "hour": "12:00",
                    "date": "14/4/2025"
                },
                {
                    "order_id": 5,
                    "building": "A1",
                    "room": "303",
                    "weight": 1.58,
                    "hour": "12:00",
                    "date": "14/4/2025"
                },
                {
                    "order_id": 6,
                    "building": "A1",
                    "room": "104",
                    "weight": 1.19,
                    "hour": "12:00",
                    "date": "14/4/2025"
                },
                {
                    "order_id": 7,
                    "building": "A17",
                    "room": "203",
                    "weight": 0.4,
                    "hour": "12:00",
                    "date": "14/4/2025"
                }
            ]
        }
    }
}