{
    "A": {
        "14/4/2025": {
            "11:00 - 12:45": [
                {
                    "order_id": 1,
                    "building": "A3",
                    "room": "304",
                    "weight": 1.09,
                    "hour": "12:00",
                    "date": "14/4/2025"
                },
                {
                    "order_id": 2,
                    "building": "A9",
                    "room": "101",
                    "weight": 1.72,
                    "hour": "12:00",
                    "date": "14/4/2025"
                },
                {
                    "order_id": 3,
                    "building": "A8",
                    "room": "104",
                    "weight": 0.98,
                    "hour": "12:00",
                    "date": "14/4/2025"
                },
                {
                    "order_id": 4,
                    "building": "A9",
                    "room": "403",
                    "weight": 0.41,
                    "hour": "12:00",
                    "date": "14/4/2025"
                },
                {
                    "order_id": 5,
                    "building": "A3",
                    "room": "401",
                    "weight": 1.1,
                    "hour": "12:00",
                    "date": "14/4/2025"
                },
                {
                    "order_id": 6,
                    "building": "A9",
                    "room": "103",
                    "weight": 0.81,
                    "hour": "12:00",
                    "date": "14/4/2025"
                },
                {
                    "order_id": 7,
                    "building": "A18",
                    "room": "304",
                    "weight": 0.85,
                    "hour": "12:00",
                    "date": "14/4/2025"
                },
                {
                    "order_id": 8,
                    "building": "A19",
                    "room": "402",
                    "weight": 3.05,
                    "hour": "12:00",
                    "date": "14/4/2025"
                },
                {
                    "order_id": 9,
                    "building": "A15",
                    "room": "103",
                    "weight": 1.27,
                    "hour": "12:00",
                    "date": "14/4/2025"
                }
            ]
        }
    }
}