{
    "A": {
        "14/4/2025": {
            "11:00 - 12:45": [
                {
                    "order_id": 1,
                    "building": "A3",
                    "room": "302",
                    "weight": 2.88,
                    "hour": "12:00",
                    "date": "14/4/2025"
                },
                {
                    "order_id": 2,
                    "building": "A4",
                    "room": "204",
                    "weight": 1.88,
                    "hour": "12:00",
                    "date": "14/4/2025"
                }
            ]
        }
    }
}