{
    "A": {
        "14/4/2025": {
            "11:00 - 12:45": [
                {
                    "order_id": 1,
                    "building": "AH2",
                    "room": "101",
                    "weight": 1.95,
                    "hour": "12:00",
                    "date": "14/4/2025"
                },
                {
                    "order_id": 2,
                    "building": "A20",
                    "room": "301",
                    "weight": 0.46,
                    "hour": "12:00",
                    "date": "14/4/2025"
                },
                {
                    "order_id": 3,
                    "building": "A2",
                    "room": "101",
                    "weight": 0.45,
                    "hour": "12:00",
                    "date": "14/4/2025"
                }
            ]
        }
    }
}