{
    "A": {
        "14/4/2025": {
            "11:00 - 12:45": [
                {
                    "order_id": 1,
                    "building": "A6",
                    "room": "404",
                    "weight": 0.85,
                    "hour": "12:00",
                    "date": "14/4/2025"
                },
                {
                    "order_id": 2,
                    "building": "AH2",
                    "room": "402",
                    "weight": 1.79,
                    "hour": "12:00",
                    "date": "14/4/2025"
                },
                {
                    "order_id": 3,
                    "building": "A1",
                    "room": "204",
                    "weight": 0.88,
                    "hour": "12:00",
                    "date": "14/4/2025"
                },
                {
                    "order_id": 4,
                    "building": "A8",
                    "room": "301",
                    "weight": 1.79,
                    "hour": "12:00",
                    "date": "14/4/2025"
                },
                {
                    "order_id": 5,
                    "building": "A10",
                    "room": "304",
                    "weight": 1.21,
                    "hour": "12:00",
                    "date": "14/4/2025"
                }
            ]
        }
    }
}