{
    "A": {
        "14/4/2025": {
            "11:00 - 12:45": [
                {
                    "order_id": 1,
                    "building": "A5",
                    "room": "203",
                    "weight": 1.64,
                    "hour": "12:00",
                    "date": "14/4/2025"
                },
                {
                    "order_id": 2,
                    "building": "A14",
                    "room": "303",
                    "weight": 2.86,
                    "hour": "12:00",
                    "date": "14/4/2025"
                },
                {
                    "order_id": 3,
                    "building": "AH1",
                    "room": "401",
                    "weight": 0.26,
                    "hour": "12:00",
                    "date": "14/4/2025"
                },
                {
                    "order_id": 4,
                    "building": "A4",
                    "room": "204",
                    "weight": 1.56,
                    "hour": "12:00",
                    "date": "14/4/2025"
                }
            ]
        }
    }
}