{
    "A": {
        "14/4/2025": {
            "11:00 - 12:45": [
                {
                    "order_id": 1,
                    "building": "A13",
                    "room": "403",
                    "weight": 0.16,
                    "hour": "12:00",
                    "date": "14/4/2025"
                },
                {
                    "order_id": 2,
                    "building": "A18",
                    "room": "304",
                    "weight": 0.18,
                    "hour": "12:00",
                    "date": "14/4/2025"
                },
                {
                    "order_id": 3,
                    "building": "AG4",
                    "room": "101",
                    "weight": 0.47,
                    "hour": "12:00",
                    "date": "14/4/2025"
                },
                {
                    "order_id": 4,
                    "building": "A13",
                    "room": "104",
                    "weight": 0.84,
                    "hour": "12:00",
                    "date": "14/4/2025"
                },
                {
                    "order_id": 5,
                    "building": "A16",
                    "room": "304",
                    "weight": 0.8,
                    "hour": "12:00",
                    "date": "14/4/2025"
                },
                {
                    "order_id": 6,
                    "building": "AG4",
                    "room": "101",
                    "weight": 3.65,
                    "hour": "12:00",
                    "date": "14/4/2025"
                },
                {
                    "order_id": 7,
                    "building": "A5",
                    "room": "103",
                    "weight": 3.14,
                    "hour": "12:00",
                    "date": "14/4/2025"
                },
                {
                    "order_id": 8,
                    "building": "A15",
                    "room": "202",
                    "weight": 0.96,
                    "hour": "12:00",
                    "date": "14/4/2025"
                },
                {
                    "order_id": 9,
                    "building": "A11",
                    "room": "202",
                    "weight": 2.99,
                    "hour": "12:00",
                    "date": "14/4/2025"
                },
                {
                    "order_id": 10,
                    "building": "A4",
                    "room": "403",
                    "weight": 1.89,
                    "hour": "12:00",
                    "date": "14/4/2025"
                },
                {
                    "order_id": 11,
                    "building": "A15",
                    "room": "101",
                    "weight": 1.99,
                    "hour": "12:00",
                    "date": "14/4/2025"
                },
                {
                    "order_id": 12,
                    "building": "AG3",
                    "room": "103",
                    "weight": 1.98,
                    "hour": "12:00",
                    "date": "14/4/2025"
                },
                {
                    "order_id": 13,
                    "building": "A3",
                    "room": "203",
                    "weight": 0.67,
                    "hour": "12:00",
                    "date": "14/4/2025"
                },
                {
                    "order_id": 14,
                    "building": "A12",
                    "room": "104",
                    "weight": 1.32,
                    "hour": "12:00",
                    "date": "14/4/2025"
                },
                {
                    "order_id": 15,
                    "building": "A20",
                    "room": "404",
                    "weight": 1.46,
                    "hour": "12:00",
                    "date": "14/4/2025"
                },
                {
                    "order_id": 16,
                    "building": "AH1",
                    "room": "402",
                    "weight": 1.86,
                    "hour": "12:00",
                    "date": "14/4/2025"
                },
                {
                    "order_id": 17,
                    "building": "A15",
                    "room": "401",
                    "weight": 1.42,
                    "hour": "12:00",
                    "date": "14/4/2025"
                },
                {
                    "order_id": 18,
                    "building": "A5",
                    "room": "101",
                    "weight": 0.48,
                    "hour": "12:00",
                    "date": "14/4/2025"
                },
                {
                    "order_id": 19,
                    "building": "A2",
                    "room": "403",
                    "weight": 1.42,
                    "hour": "12:00",
                    "date": "14/4/2025"
                },
                {
                    "order_id": 20,
                    "building": "A20",
                    "room": "303",
                    "weight": 1.47,
                    "hour": "12:00",
                    "date": "14/4/2025"
                },
                {
                    "order_id": 21,
                    "building": "A16",
                    "room": "103",
                    "weight": 1.73,
                    "hour": "12:00",
                    "date": "14/4/2025"
                },
                {
                    "order_id": 22,
                    "building": "A16",
                    "room": "402",
                    "weight": 1.47,
                    "hour": "12:00",
                    "date": "14/4/2025"
                },
                {
                    "order_id": 23,
                    "building": "AG3",
                    "room": "401",
                    "weight": 0.91,
                    "hour": "12:00",
                    "date": "14/4/2025"
                },
                {
                    "order_id": 24,
                    "building": "A13",
                    "room": "102",
                    "weight": 1.97,
                    "hour": "12:00",
                    "date": "14/4/2025"
                },
                {
                    "order_id": 25,
                    "building": "AH1",
                    "room": "204",
                    "weight": 1.53,
                    "hour": "12:00",
                    "date": "14/4/2025"
                },
                {
                    "order_id": 26,
                    "building": "AG4",
                    "room": "404",
                    "weight": 1.46,
                    "hour": "12:00",
                    "date": "14/4/2025"
                },
                {
                    "order_id": 27,
                    "building": "A2",
                    "room": "304",
                    "weight": 1.44,
                    "hour": "12:00",
                    "date": "14/4/2025"
                },
                {
                    "order_id": 28,
                    "building": "A5",
                    "room": "303",
                    "weight": 2.22,
                    "hour": "12:00",
                    "date": "14/4/2025"
                },
                {
                    "order_id": 29,
                    "building": "AG3",
                    "room": "103",
                    "weight": 1.85,
                    "hour": "12:00",
                    "date": "14/4/2025"
                },
                {
                    "order_id": 30,
                    "building": "AG3",
                    "room": "201",
                    "weight": 0.33,
                    "hour": "12:00",
                    "date": "14/4/2025"
                },
                {
                    "order_id": 31,
                    "building": "AH1",
                    "room": "401",
                    "weight": 1.97,
                    "hour": "12:00",
                    "date": "14/4/2025"
                },
                {
                    "order_id": 32,
                    "building": "A16",
                    "room": "404",
                    "weight": 0.94,
                    "hour": "12:00",
                    "date": "14/4/2025"
                },
                {
                    "order_id": 33,
                    "building": "A1",
                    "room": "202",
                    "weight": 0.48,
                    "hour": "12:00",
                    "date": "14/4/2025"
                },
                {
                    "order_id": 34,
                    "building": "A6",
                    "room": "301",
                    "weight": 1.05,
                    "hour": "12:00",
                    "date": "14/4/2025"
                },
                {
                    "order_id": 35,
                    "building": "A8",
                    "room": "103",
                    "weight": 4.39,
                    "hour": "12:00",
                    "date": "14/4/2025"
                },
                {
                    "order_id": 36,
                    "building": "A11",
                    "room": "102",
                    "weight": 1.77,
                    "hour": "12:00",
                    "date": "14/4/2025"
                },
                {
                    "order_id": 37,
                    "building": "A1",
                    "room": "304",
                    "weight": 1.94,
                    "hour": "12:00",
                    "date": "14/4/2025"
                },
                {
                    "order_id": 38,
                    "building": "A9",
                    "room": "104",
                    "weight": 0.18,
                    "hour": "12:00",
                    "date": "14/4/2025"
                },
                {
                    "order_id": 39,
                    "building": "A3",
                    "room": "301",
                    "weight": 0.85,
                    "hour": "12:00",
                    "date": "14/4/2025"
                },
                {
                    "order_id": 40,
                    "building": "A15",
                    "room": "403",
                    "weight": 0.98,
                    "hour": "12:00",
                    "date": "14/4/2025"
                },
                {
                    "order_id": 41,
                    "building": "A8",
                    "room": "401",
                    "weight": 4.25,
                    "hour": "12:00",
                    "date": "14/4/2025"
                },
                {
                    "order_id": 42,
                    "building": "A5",
                    "room": "103",
                    "weight": 1.72,
                    "hour": "12:00",
                    "date": "14/4/2025"
                },
                {
                    "order_id": 43,
                    "building": "AG3",
                    "room": "102",
                    "weight": 1.8,
                    "hour": "12:00",
                    "date": "14/4/2025"
                },
                {
                    "order_id": 44,
                    "building": "A5",
                    "room": "202",
                    "weight": 1.11,
                    "hour": "12:00",
                    "date": "14/4/2025"
                },
                {
                    "order_id": 45,
                    "building": "AG4",
                    "room": "304",
                    "weight": 1.82,
                    "hour": "12:00",
                    "date": "14/4/2025"
                },
                {
                    "order_id": 46,
                    "building": "A10",
                    "room": "204",
                    "weight": 3.77,
                    "hour": "12:00",
                    "date": "14/4/2025"
                },
                {
                    "order_id": 47,
                    "building": "A7",
                    "room": "202",
                    "weight": 0.37,
                    "hour": "12:00",
                    "date": "14/4/2025"
                },
                {
                    "order_id": 48,
                    "building": "A1",
                    "room": "201",
                    "weight": 1.9,
                    "hour": "12:00",
                    "date": "14/4/2025"
                },
                {
                    "order_id": 49,
                    "building": "A1",
                    "room": "204",
                    "weight": 1.82,
                    "hour": "12:00",
                    "date": "14/4/2025"
                },
                {
                    "order_id": 50,
                    "building": "A15",
                    "room": "301",
                    "weight": 1.47,
                    "hour": "12:00",
                    "date": "14/4/2025"
                }
            ]
        }
    }
}