{
    "A": {
        "14/4/2025": {
            "11:00 - 12:45": [
                {
                    "order_id": 1,
                    "building": "A14",
                    "room": "403",
                    "weight": 2.44,
                    "hour": "12:00",
                    "date": "14/4/2025"
                },
                {
                    "order_id": 2,
                    "building": "A18",
                    "room": "303",
                    "weight": 0.22,
                    "hour": "12:00",
                    "date": "14/4/2025"
                },
                {
                    "order_id": 3,
                    "building": "A18",
                    "room": "103",
                    "weight": 1.8,
                    "hour": "12:00",
                    "date": "14/4/2025"
                },
                {
                    "order_id": 4,
                    "building": "A8",
                    "room": "201",
                    "weight": 1.26,
                    "hour": "12:00",
                    "date": "14/4/2025"
                },
                {
                    "order_id": 5,
                    "building": "A19",
                    "room": "104",
                    "weight": 0.5,
                    "hour": "12:00",
                    "date": "14/4/2025"
                },
                {
                    "order_id": 6,
                    "building": "A11",
                    "room": "103",
                    "weight": 1.21,
                    "hour": "12:00",
                    "date": "14/4/2025"
                },
                {
                    "order_id": 7,
                    "building": "A20",
                    "room": "102",
                    "weight": 0.66,
                    "hour": "12:00",
                    "date": "14/4/2025"
                },
                {
                    "order_id": 8,
                    "building": "A19",
                    "room": "102",
                    "weight": 3.71,
                    "hour": "12:00",
                    "date": "14/4/2025"
                },
                {
                    "order_id": 9,
                    "building": "A5",
                    "room": "304",
                    "weight": 0.19,
                    "hour": "12:00",
                    "date": "14/4/2025"
                },
                {
                    "order_id": 10,
                    "building": "A18",
                    "room": "104",
                    "weight": 0.8,
                    "hour": "12:00",
                    "date": "14/4/2025"
                }
            ]
        }
    }
}