{
    "A": {
        "14/4/2025": {
            "11:00 - 12:45": [
                {
                    "order_id": 1,
                    "building": "A18",
                    "room": "401",
                    "weight": 0.94,
                    "hour": "12:00",
                    "date": "14/4/2025"
                },
                {
                    "order_id": 2,
                    "building": "A4",
                    "room": "304",
                    "weight": 0.29,
                    "hour": "12:00",
                    "date": "14/4/2025"
                },
                {
                    "order_id": 3,
                    "building": "A17",
                    "room": "203",
                    "weight": 1.28,
                    "hour": "12:00",
                    "date": "14/4/2025"
                },
                {
                    "order_id": 4,
                    "building": "A16",
                    "room": "403",
                    "weight": 3.34,
                    "hour": "12:00",
                    "date": "14/4/2025"
                },
                {
                    "order_id": 5,
                    "building": "A8",
                    "room": "204",
                    "weight": 1.66,
                    "hour": "12:00",
                    "date": "14/4/2025"
                }
            ]
        }
    }
}