{
    "A": {
        "14/4/2025": {
            "11:00 - 12:45": [
                {
                    "order_id": 1,
                    "building": "A12",
                    "room": "101",
                    "weight": 0.31,
                    "hour": "12:00",
                    "date": "14/4/2025"
                },
                {
                    "order_id": 2,
                    "building": "A9",
                    "room": "404",
                    "weight": 0.82,
                    "hour": "12:00",
                    "date": "14/4/2025"
                },
                {
                    "order_id": 3,
                    "building": "A12",
                    "room": "201",
                    "weight": 4.09,
                    "hour": "12:00",
                    "date": "14/4/2025"
                },
                {
                    "order_id": 4,
                    "building": "A15",
                    "room": "402",
                    "weight": 1.38,
                    "hour": "12:00",
                    "date": "14/4/2025"
                },
                {
                    "order_id": 5,
                    "building": "A18",
                    "room": "102",
                    "weight": 1.01,
                    "hour": "12:00",
                    "date": "14/4/2025"
                },
                {
                    "order_id": 6,
                    "building": "A12",
                    "room": "201",
                    "weight": 3.58,
                    "hour": "12:00",
                    "date": "14/4/2025"
                },
                {
                    "order_id": 7,
                    "building": "A15",
                    "room": "104",
                    "weight": 1.74,
                    "hour": "12:00",
                    "date": "14/4/2025"
                },
                {
                    "order_id": 8,
                    "building": "A18",
                    "room": "203",
                    "weight": 1.17,
                    "hour": "12:00",
                    "date": "14/4/2025"
                },
                {
                    "order_id": 9,
                    "building": "A17",
                    "room": "302",
                    "weight": 2.41,
                    "hour": "12:00",
                    "date": "14/4/2025"
                },
                {
                    "order_id": 10,
                    "building": "A19",
                    "room": "304",
                    "weight": 1.67,
                    "hour": "12:00",
                    "date": "14/4/2025"
                },
                {
                    "order_id": 11,
                    "building": "A15",
                    "room": "401",
                    "weight": 0.14,
                    "hour": "12:00",
                    "date": "14/4/2025"
                },
                {
                    "order_id": 12,
                    "building": "A19",
                    "room": "104",
                    "weight": 0.33,
                    "hour": "12:00",
                    "date": "14/4/2025"
                },
                {
                    "order_id": 13,
                    "building": "A7",
                    "room": "304",
                    "weight": 0.28,
                    "hour": "12:00",
                    "date": "14/4/2025"
                },
                {
                    "order_id": 14,
                    "building": "A5",
                    "room": "104",
                    "weight": 1.05,
                    "hour": "12:00",
                    "date": "14/4/2025"
                },
                {
                    "order_id": 15,
                    "building": "A10",
                    "room": "303",
                    "weight": 0.19,
                    "hour": "12:00",
                    "date": "14/4/2025"
                },
                {
                    "order_id": 16,
                    "building": "AG4",
                    "room": "101",
                    "weight": 1.41,
                    "hour": "12:00",
                    "date": "14/4/2025"
                },
                {
                    "order_id": 17,
                    "building": "A19",
                    "room": "104",
                    "weight": 1.1,
                    "hour": "12:00",
                    "date": "14/4/2025"
                },
                {
                    "order_id": 18,
                    "building": "AG4",
                    "room": "102",
                    "weight": 0.61,
                    "hour": "12:00",
                    "date": "14/4/2025"
                },
                {
                    "order_id": 19,
                    "building": "A9",
                    "room": "302",
                    "weight": 0.72,
                    "hour": "12:00",
                    "date": "14/4/2025"
                },
                {
                    "order_id": 20,
                    "building": "A7",
                    "room": "304",
                    "weight": 1.75,
                    "hour": "12:00",
                    "date": "14/4/2025"
                },
                {
                    "order_id": 21,
                    "building": "A2",
                    "room": "202",
                    "weight": 0.33,
                    "hour": "12:00",
                    "date": "14/4/2025"
                },
                {
                    "order_id": 22,
                    "building": "A10",
                    "room": "403",
                    "weight": 1.53,
                    "hour": "12:00",
                    "date": "14/4/2025"
                },
                {
                    "order_id": 23,
                    "building": "A17",
                    "room": "104",
                    "weight": 1.95,
                    "hour": "12:00",
                    "date": "14/4/2025"
                },
                {
                    "order_id": 24,
                    "building": "AH2",
                    "room": "103",
                    "weight": 1.0,
                    "hour": "12:00",
                    "date": "14/4/2025"
                },
                {
                    "order_id": 25,
                    "building": "AG3",
                    "room": "201",
                    "weight": 0.82,
                    "hour": "12:00",
                    "date": "14/4/2025"
                },
                {
                    "order_id": 26,
                    "building": "A7",
                    "room": "402",
                    "weight": 0.35,
                    "hour": "12:00",
                    "date": "14/4/2025"
                },
                {
                    "order_id": 27,
                    "building": "A2",
                    "room": "304",
                    "weight": 0.36,
                    "hour": "12:00",
                    "date": "14/4/2025"
                },
                {
                    "order_id": 28,
                    "building": "AG4",
                    "room": "302",
                    "weight": 0.6,
                    "hour": "12:00",
                    "date": "14/4/2025"
                },
                {
                    "order_id": 29,
                    "building": "A10",
                    "room": "303",
                    "weight": 0.57,
                    "hour": "12:00",
                    "date": "14/4/2025"
                },
                {
                    "order_id": 30,
                    "building": "A18",
                    "room": "404",
                    "weight": 1.72,
                    "hour": "12:00",
                    "date": "14/4/2025"
                },
                {
                    "order_id": 31,
                    "building": "A16",
                    "room": "201",
                    "weight": 0.37,
                    "hour": "12:00",
                    "date": "14/4/2025"
                },
                {
                    "order_id": 32,
                    "building": "AH1",
                    "room": "104",
                    "weight": 1.56,
                    "hour": "12:00",
                    "date": "14/4/2025"
                },
                {
                    "order_id": 33,
                    "building": "A10",
                    "room": "303",
                    "weight": 3.46,
                    "hour": "12:00",
                    "date": "14/4/2025"
                },
                {
                    "order_id": 34,
                    "building": "AG4",
                    "room": "102",
                    "weight": 0.98,
                    "hour": "12:00",
                    "date": "14/4/2025"
                },
                {
                    "order_id": 35,
                    "building": "A9",
                    "room": "404",
                    "weight": 0.33,
                    "hour": "12:00",
                    "date": "14/4/2025"
                },
                {
                    "order_id": 36,
                    "building": "A7",
                    "room": "303",
                    "weight": 0.77,
                    "hour": "12:00",
                    "date": "14/4/2025"
                },
                {
                    "order_id": 37,
                    "building": "A18",
                    "room": "204",
                    "weight": 1.32,
                    "hour": "12:00",
                    "date": "14/4/2025"
                },
                {
                    "order_id": 38,
                    "building": "AH2",
                    "room": "104",
                    "weight": 0.99,
                    "hour": "12:00",
                    "date": "14/4/2025"
                },
                {
                    "order_id": 39,
                    "building": "A2",
                    "room": "301",
                    "weight": 1.98,
                    "hour": "12:00",
                    "date": "14/4/2025"
                },
                {
                    "order_id": 40,
                    "building": "A19",
                    "room": "203",
                    "weight": 1.0,
                    "hour": "12:00",
                    "date": "14/4/2025"
                },
                {
                    "order_id": 41,
                    "building": "A17",
                    "room": "304",
                    "weight": 1.02,
                    "hour": "12:00",
                    "date": "14/4/2025"
                },
                {
                    "order_id": 42,
                    "building": "AH1",
                    "room": "203",
                    "weight": 0.55,
                    "hour": "12:00",
                    "date": "14/4/2025"
                },
                {
                    "order_id": 43,
                    "building": "A17",
                    "room": "101",
                    "weight": 0.47,
                    "hour": "12:00",
                    "date": "14/4/2025"
                },
                {
                    "order_id": 44,
                    "building": "A18",
                    "room": "104",
                    "weight": 0.41,
                    "hour": "12:00",
                    "date": "14/4/2025"
                },
                {
                    "order_id": 45,
                    "building": "A3",
                    "room": "304",
                    "weight": 1.23,
                    "hour": "12:00",
                    "date": "14/4/2025"
                },
                {
                    "order_id": 46,
                    "building": "A18",
                    "room": "202",
                    "weight": 1.6,
                    "hour": "12:00",
                    "date": "14/4/2025"
                },
                {
                    "order_id": 47,
                    "building": "A7",
                    "room": "202",
                    "weight": 1.54,
                    "hour": "12:00",
                    "date": "14/4/2025"
                },
                {
                    "order_id": 48,
                    "building": "A20",
                    "room": "304",
                    "weight": 0.99,
                    "hour": "12:00",
                    "date": "14/4/2025"
                },
                {
                    "order_id": 49,
                    "building": "A10",
                    "room": "301",
                    "weight": 0.74,
                    "hour": "12:00",
                    "date": "14/4/2025"
                },
                {
                    "order_id": 50,
                    "building": "A11",
                    "room": "102",
                    "weight": 0.47,
                    "hour": "12:00",
                    "date": "14/4/2025"
                },
                {
                    "order_id": 51,
                    "building": "A16",
                    "room": "203",
                    "weight": 1.4,
                    "hour": "12:00",
                    "date": "14/4/2025"
                },
                {
                    "order_id": 52,
                    "building": "AG4",
                    "room": "304",
                    "weight": 1.99,
                    "hour": "12:00",
                    "date": "14/4/2025"
                },
                {
                    "order_id": 53,
                    "building": "A4",
                    "room": "201",
                    "weight": 1.73,
                    "hour": "12:00",
                    "date": "14/4/2025"
                },
                {
                    "order_id": 54,
                    "building": "A4",
                    "room": "202",
                    "weight": 0.55,
                    "hour": "12:00",
                    "date": "14/4/2025"
                },
                {
                    "order_id": 55,
                    "building": "A14",
                    "room": "102",
                    "weight": 0.46,
                    "hour": "12:00",
                    "date": "14/4/2025"
                },
                {
                    "order_id": 56,
                    "building": "A2",
                    "room": "201",
                    "weight": 3.82,
                    "hour": "12:00",
                    "date": "14/4/2025"
                },
                {
                    "order_id": 57,
                    "building": "A18",
                    "room": "304",
                    "weight": 0.33,
                    "hour": "12:00",
                    "date": "14/4/2025"
                },
                {
                    "order_id": 58,
                    "building": "A12",
                    "room": "102",
                    "weight": 1.9,
                    "hour": "12:00",
                    "date": "14/4/2025"
                },
                {
                    "order_id": 59,
                    "building": "A5",
                    "room": "403",
                    "weight": 3.89,
                    "hour": "12:00",
                    "date": "14/4/2025"
                },
                {
                    "order_id": 60,
                    "building": "A11",
                    "room": "103",
                    "weight": 1.27,
                    "hour": "12:00",
                    "date": "14/4/2025"
                },
                {
                    "order_id": 61,
                    "building": "A8",
                    "room": "403",
                    "weight": 0.2,
                    "hour": "12:00",
                    "date": "14/4/2025"
                },
                {
                    "order_id": 62,
                    "building": "A10",
                    "room": "302",
                    "weight": 3.09,
                    "hour": "12:00",
                    "date": "14/4/2025"
                },
                {
                    "order_id": 63,
                    "building": "AG4",
                    "room": "102",
                    "weight": 1.58,
                    "hour": "12:00",
                    "date": "14/4/2025"
                },
                {
                    "order_id": 64,
                    "building": "AG3",
                    "room": "201",
                    "weight": 1.95,
                    "hour": "12:00",
                    "date": "14/4/2025"
                },
                {
                    "order_id": 65,
                    "building": "A15",
                    "room": "404",
                    "weight": 0.61,
                    "hour": "12:00",
                    "date": "14/4/2025"
                },
                {
                    "order_id": 66,
                    "building": "A2",
                    "room": "104",
                    "weight": 0.85,
                    "hour": "12:00",
                    "date": "14/4/2025"
                },
                {
                    "order_id": 67,
                    "building": "AG4",
                    "room": "303",
                    "weight": 3.3,
                    "hour": "12:00",
                    "date": "14/4/2025"
                },
                {
                    "order_id": 68,
                    "building": "AH1",
                    "room": "401",
                    "weight": 2.66,
                    "hour": "12:00",
                    "date": "14/4/2025"
                },
                {
                    "order_id": 69,
                    "building": "AH1",
                    "room": "102",
                    "weight": 1.07,
                    "hour": "12:00",
                    "date": "14/4/2025"
                },
                {
                    "order_id": 70,
                    "building": "A3",
                    "room": "102",
                    "weight": 0.32,
                    "hour": "12:00",
                    "date": "14/4/2025"
                }
            ]
        }
    }
}