{
    "A": {
        "14/4/2025": {
            "11:00 - 12:45": [
                {
                    "order_id": 1,
                    "building": "A5",
                    "room": "403",
                    "weight": 0.66,
                    "hour": "12:00",
                    "date": "14/4/2025"
                },
                {
                    "order_id": 2,
                    "building": "A20",
                    "room": "401",
                    "weight": 0.93,
                    "hour": "12:00",
                    "date": "14/4/2025"
                },
                {
                    "order_id": 3,
                    "building": "AH2",
                    "room": "204",
                    "weight": 0.43,
                    "hour": "12:00",
                    "date": "14/4/2025"
                },
                {
                    "order_id": 4,
                    "building": "A13",
                    "room": "203",
                    "weight": 0.76,
                    "hour": "12:00",
                    "date": "14/4/2025"
                },
                {
                    "order_id": 5,
                    "building": "A7",
                    "room": "202",
                    "weight": 0.53,
                    "hour": "12:00",
                    "date": "14/4/2025"
                },
                {
                    "order_id": 6,
                    "building": "AG4",
                    "room": "401",
                    "weight": 1.36,
                    "hour": "12:00",
                    "date": "14/4/2025"
                },
                {
                    "order_id": 7,
                    "building": "A10",
                    "room": "403",
                    "weight": 0.38,
                    "hour": "12:00",
                    "date": "14/4/2025"
                },
                {
                    "order_id": 8,
                    "building": "A17",
                    "room": "203",
                    "weight": 1.83,
                    "hour": "12:00",
                    "date": "14/4/2025"
                },
                {
                    "order_id": 9,
                    "building": "AH2",
                    "room": "202",
                    "weight": 1.57,
                    "hour": "12:00",
                    "date": "14/4/2025"
                },
                {
                    "order_id": 10,
                    "building": "A20",
                    "room": "401",
                    "weight": 0.85,
                    "hour": "12:00",
                    "date": "14/4/2025"
                },
                {
                    "order_id": 11,
                    "building": "A9",
                    "room": "201",
                    "weight": 1.26,
                    "hour": "12:00",
                    "date": "14/4/2025"
                },
                {
                    "order_id": 12,
                    "building": "AG3",
                    "room": "402",
                    "weight": 2.82,
                    "hour": "12:00",
                    "date": "14/4/2025"
                },
                {
                    "order_id": 13,
                    "building": "A6",
                    "room": "202",
                    "weight": 0.42,
                    "hour": "12:00",
                    "date": "14/4/2025"
                },
                {
                    "order_id": 14,
                    "building": "AH1",
                    "room": "301",
                    "weight": 1.93,
                    "hour": "12:00",
                    "date": "14/4/2025"
                },
                {
                    "order_id": 15,
                    "building": "A12",
                    "room": "404",
                    "weight": 1.81,
                    "hour": "12:00",
                    "date": "14/4/2025"
                },
                {
                    "order_id": 16,
                    "building": "A16",
                    "room": "303",
                    "weight": 0.89,
                    "hour": "12:00",
                    "date": "14/4/2025"
                },
                {
                    "order_id": 17,
                    "building": "A20",
                    "room": "201",
                    "weight": 3.03,
                    "hour": "12:00",
                    "date": "14/4/2025"
                },
                {
                    "order_id": 18,
                    "building": "AH2",
                    "room": "102",
                    "weight": 1.99,
                    "hour": "12:00",
                    "date": "14/4/2025"
                },
                {
                    "order_id": 19,
                    "building": "A3",
                    "room": "303",
                    "weight": 1.8,
                    "hour": "12:00",
                    "date": "14/4/2025"
                },
                {
                    "order_id": 20,
                    "building": "A1",
                    "room": "403",
                    "weight": 1.44,
                    "hour": "12:00",
                    "date": "14/4/2025"
                },
                {
                    "order_id": 21,
                    "building": "AG4",
                    "room": "304",
                    "weight": 1.32,
                    "hour": "12:00",
                    "date": "14/4/2025"
                },
                {
                    "order_id": 22,
                    "building": "A1",
                    "room": "203",
                    "weight": 0.12,
                    "hour": "12:00",
                    "date": "14/4/2025"
                },
                {
                    "order_id": 23,
                    "building": "A2",
                    "room": "302",
                    "weight": 0.76,
                    "hour": "12:00",
                    "date": "14/4/2025"
                },
                {
                    "order_id": 24,
                    "building": "A5",
                    "room": "103",
                    "weight": 1.0,
                    "hour": "12:00",
                    "date": "14/4/2025"
                },
                {
                    "order_id": 25,
                    "building": "A9",
                    "room": "303",
                    "weight": 0.92,
                    "hour": "12:00",
                    "date": "14/4/2025"
                },
                {
                    "order_id": 26,
                    "building": "AH2",
                    "room": "104",
                    "weight": 0.4,
                    "hour": "12:00",
                    "date": "14/4/2025"
                },
                {
                    "order_id": 27,
                    "building": "A17",
                    "room": "203",
                    "weight": 1.19,
                    "hour": "12:00",
                    "date": "14/4/2025"
                },
                {
                    "order_id": 28,
                    "building": "AH2",
                    "room": "202",
                    "weight": 0.44,
                    "hour": "12:00",
                    "date": "14/4/2025"
                },
                {
                    "order_id": 29,
                    "building": "AG4",
                    "room": "204",
                    "weight": 0.9,
                    "hour": "12:00",
                    "date": "14/4/2025"
                },
                {
                    "order_id": 30,
                    "building": "A18",
                    "room": "204",
                    "weight": 0.6,
                    "hour": "12:00",
                    "date": "14/4/2025"
                },
                {
                    "order_id": 31,
                    "building": "A4",
                    "room": "301",
                    "weight": 1.87,
                    "hour": "12:00",
                    "date": "14/4/2025"
                },
                {
                    "order_id": 32,
                    "building": "A10",
                    "room": "304",
                    "weight": 1.66,
                    "hour": "12:00",
                    "date": "14/4/2025"
                },
                {
                    "order_id": 33,
                    "building": "AG4",
                    "room": "101",
                    "weight": 2.18,
                    "hour": "12:00",
                    "date": "14/4/2025"
                },
                {
                    "order_id": 34,
                    "building": "A5",
                    "room": "401",
                    "weight": 1.26,
                    "hour": "12:00",
                    "date": "14/4/2025"
                },
                {
                    "order_id": 35,
                    "building": "A4",
                    "room": "101",
                    "weight": 3.73,
                    "hour": "12:00",
                    "date": "14/4/2025"
                },
                {
                    "order_id": 36,
                    "building": "A2",
                    "room": "104",
                    "weight": 0.85,
                    "hour": "12:00",
                    "date": "14/4/2025"
                },
                {
                    "order_id": 37,
                    "building": "A15",
                    "room": "302",
                    "weight": 3.28,
                    "hour": "12:00",
                    "date": "14/4/2025"
                },
                {
                    "order_id": 38,
                    "building": "A9",
                    "room": "401",
                    "weight": 0.85,
                    "hour": "12:00",
                    "date": "14/4/2025"
                },
                {
                    "order_id": 39,
                    "building": "A8",
                    "room": "101",
                    "weight": 0.78,
                    "hour": "12:00",
                    "date": "14/4/2025"
                },
                {
                    "order_id": 40,
                    "building": "A4",
                    "room": "304",
                    "weight": 4.2,
                    "hour": "12:00",
                    "date": "14/4/2025"
                },
                {
                    "order_id": 41,
                    "building": "A19",
                    "room": "103",
                    "weight": 0.98,
                    "hour": "12:00",
                    "date": "14/4/2025"
                },
                {
                    "order_id": 42,
                    "building": "AH2",
                    "room": "304",
                    "weight": 1.72,
                    "hour": "12:00",
                    "date": "14/4/2025"
                },
                {
                    "order_id": 43,
                    "building": "A20",
                    "room": "103",
                    "weight": 0.53,
                    "hour": "12:00",
                    "date": "14/4/2025"
                },
                {
                    "order_id": 44,
                    "building": "A8",
                    "room": "103",
                    "weight": 0.56,
                    "hour": "12:00",
                    "date": "14/4/2025"
                },
                {
                    "order_id": 45,
                    "building": "A15",
                    "room": "303",
                    "weight": 1.06,
                    "hour": "12:00",
                    "date": "14/4/2025"
                },
                {
                    "order_id": 46,
                    "building": "AH1",
                    "room": "403",
                    "weight": 1.96,
                    "hour": "12:00",
                    "date": "14/4/2025"
                },
                {
                    "order_id": 47,
                    "building": "A16",
                    "room": "401",
                    "weight": 1.42,
                    "hour": "12:00",
                    "date": "14/4/2025"
                },
                {
                    "order_id": 48,
                    "building": "A9",
                    "room": "404",
                    "weight": 1.32,
                    "hour": "12:00",
                    "date": "14/4/2025"
                },
                {
                    "order_id": 49,
                    "building": "A2",
                    "room": "204",
                    "weight": 1.69,
                    "hour": "12:00",
                    "date": "14/4/2025"
                },
                {
                    "order_id": 50,
                    "building": "A2",
                    "room": "203",
                    "weight": 1.25,
                    "hour": "12:00",
                    "date": "14/4/2025"
                },
                {
                    "order_id": 51,
                    "building": "A19",
                    "room": "102",
                    "weight": 1.86,
                    "hour": "12:00",
                    "date": "14/4/2025"
                },
                {
                    "order_id": 52,
                    "building": "A7",
                    "room": "202",
                    "weight": 1.57,
                    "hour": "12:00",
                    "date": "14/4/2025"
                },
                {
                    "order_id": 53,
                    "building": "A2",
                    "room": "204",
                    "weight": 0.13,
                    "hour": "12:00",
                    "date": "14/4/2025"
                },
                {
                    "order_id": 54,
                    "building": "A10",
                    "room": "104",
                    "weight": 1.44,
                    "hour": "12:00",
                    "date": "14/4/2025"
                },
                {
                    "order_id": 55,
                    "building": "A20",
                    "room": "203",
                    "weight": 0.78,
                    "hour": "12:00",
                    "date": "14/4/2025"
                },
                {
                    "order_id": 56,
                    "building": "AH1",
                    "room": "203",
                    "weight": 3.42,
                    "hour": "12:00",
                    "date": "14/4/2025"
                },
                {
                    "order_id": 57,
                    "building": "A14",
                    "room": "202",
                    "weight": 1.6,
                    "hour": "12:00",
                    "date": "14/4/2025"
                },
                {
                    "order_id": 58,
                    "building": "A4",
                    "room": "303",
                    "weight": 0.34,
                    "hour": "12:00",
                    "date": "14/4/2025"
                },
                {
                    "order_id": 59,
                    "building": "A19",
                    "room": "201",
                    "weight": 1.55,
                    "hour": "12:00",
                    "date": "14/4/2025"
                },
                {
                    "order_id": 60,
                    "building": "A11",
                    "room": "104",
                    "weight": 0.9,
                    "hour": "12:00",
                    "date": "14/4/2025"
                },
                {
                    "order_id": 61,
                    "building": "A20",
                    "room": "104",
                    "weight": 0.2,
                    "hour": "12:00",
                    "date": "14/4/2025"
                },
                {
                    "order_id": 62,
                    "building": "A15",
                    "room": "304",
                    "weight": 1.99,
                    "hour": "12:00",
                    "date": "14/4/2025"
                },
                {
                    "order_id": 63,
                    "building": "A4",
                    "room": "102",
                    "weight": 1.96,
                    "hour": "12:00",
                    "date": "14/4/2025"
                },
                {
                    "order_id": 64,
                    "building": "A13",
                    "room": "303",
                    "weight": 0.91,
                    "hour": "12:00",
                    "date": "14/4/2025"
                },
                {
                    "order_id": 65,
                    "building": "A5",
                    "room": "103",
                    "weight": 0.57,
                    "hour": "12:00",
                    "date": "14/4/2025"
                },
                {
                    "order_id": 66,
                    "building": "A4",
                    "room": "304",
                    "weight": 1.56,
                    "hour": "12:00",
                    "date": "14/4/2025"
                },
                {
                    "order_id": 67,
                    "building": "A19",
                    "room": "301",
                    "weight": 0.4,
                    "hour": "12:00",
                    "date": "14/4/2025"
                },
                {
                    "order_id": 68,
                    "building": "A9",
                    "room": "104",
                    "weight": 3.71,
                    "hour": "12:00",
                    "date": "14/4/2025"
                },
                {
                    "order_id": 69,
                    "building": "AH1",
                    "room": "203",
                    "weight": 1.03,
                    "hour": "12:00",
                    "date": "14/4/2025"
                },
                {
                    "order_id": 70,
                    "building": "A7",
                    "room": "303",
                    "weight": 0.55,
                    "hour": "12:00",
                    "date": "14/4/2025"
                },
                {
                    "order_id": 71,
                    "building": "A5",
                    "room": "403",
                    "weight": 1.51,
                    "hour": "12:00",
                    "date": "14/4/2025"
                },
                {
                    "order_id": 72,
                    "building": "A8",
                    "room": "101",
                    "weight": 1.83,
                    "hour": "12:00",
                    "date": "14/4/2025"
                },
                {
                    "order_id": 73,
                    "building": "A4",
                    "room": "101",
                    "weight": 4.3,
                    "hour": "12:00",
                    "date": "14/4/2025"
                },
                {
                    "order_id": 74,
                    "building": "A2",
                    "room": "404",
                    "weight": 0.3,
                    "hour": "12:00",
                    "date": "14/4/2025"
                },
                {
                    "order_id": 75,
                    "building": "AH1",
                    "room": "301",
                    "weight": 1.56,
                    "hour": "12:00",
                    "date": "14/4/2025"
                },
                {
                    "order_id": 76,
                    "building": "A18",
                    "room": "104",
                    "weight": 1.98,
                    "hour": "12:00",
                    "date": "14/4/2025"
                },
                {
                    "order_id": 77,
                    "building": "A10",
                    "room": "104",
                    "weight": 0.12,
                    "hour": "12:00",
                    "date": "14/4/2025"
                },
                {
                    "order_id": 78,
                    "building": "A16",
                    "room": "104",
                    "weight": 0.74,
                    "hour": "12:00",
                    "date": "14/4/2025"
                },
                {
                    "order_id": 79,
                    "building": "A4",
                    "room": "403",
                    "weight": 0.58,
                    "hour": "12:00",
                    "date": "14/4/2025"
                },
                {
                    "order_id": 80,
                    "building": "A16",
                    "room": "104",
                    "weight": 1.87,
                    "hour": "12:00",
                    "date": "14/4/2025"
                },
                {
                    "order_id": 81,
                    "building": "A19",
                    "room": "302",
                    "weight": 0.32,
                    "hour": "12:00",
                    "date": "14/4/2025"
                },
                {
                    "order_id": 82,
                    "building": "AG3",
                    "room": "103",
                    "weight": 1.4,
                    "hour": "12:00",
                    "date": "14/4/2025"
                },
                {
                    "order_id": 83,
                    "building": "A13",
                    "room": "102",
                    "weight": 0.88,
                    "hour": "12:00",
                    "date": "14/4/2025"
                },
                {
                    "order_id": 84,
                    "building": "A11",
                    "room": "101",
                    "weight": 1.0,
                    "hour": "12:00",
                    "date": "14/4/2025"
                },
                {
                    "order_id": 85,
                    "building": "AG4",
                    "room": "403",
                    "weight": 1.99,
                    "hour": "12:00",
                    "date": "14/4/2025"
                },
                {
                    "order_id": 86,
                    "building": "A14",
                    "room": "103",
                    "weight": 1.86,
                    "hour": "12:00",
                    "date": "14/4/2025"
                },
                {
                    "order_id": 87,
                    "building": "A4",
                    "room": "301",
                    "weight": 0.4,
                    "hour": "12:00",
                    "date": "14/4/2025"
                },
                {
                    "order_id": 88,
                    "building": "A4",
                    "room": "101",
                    "weight": 3.6,
                    "hour": "12:00",
                    "date": "14/4/2025"
                },
                {
                    "order_id": 89,
                    "building": "A1",
                    "room": "103",
                    "weight": 1.78,
                    "hour": "12:00",
                    "date": "14/4/2025"
                },
                {
                    "order_id": 90,
                    "building": "A11",
                    "room": "103",
                    "weight": 1.63,
                    "hour": "12:00",
                    "date": "14/4/2025"
                },
                {
                    "order_id": 91,
                    "building": "A2",
                    "room": "203",
                    "weight": 1.79,
                    "hour": "12:00",
                    "date": "14/4/2025"
                },
                {
                    "order_id": 92,
                    "building": "A2",
                    "room": "402",
                    "weight": 0.82,
                    "hour": "12:00",
                    "date": "14/4/2025"
                },
                {
                    "order_id": 93,
                    "building": "A1",
                    "room": "201",
                    "weight": 0.67,
                    "hour": "12:00",
                    "date": "14/4/2025"
                },
                {
                    "order_id": 94,
                    "building": "A9",
                    "room": "401",
                    "weight": 0.22,
                    "hour": "12:00",
                    "date": "14/4/2025"
                },
                {
                    "order_id": 95,
                    "building": "A13",
                    "room": "103",
                    "weight": 0.98,
                    "hour": "12:00",
                    "date": "14/4/2025"
                },
                {
                    "order_id": 96,
                    "building": "A9",
                    "room": "403",
                    "weight": 1.15,
                    "hour": "12:00",
                    "date": "14/4/2025"
                },
                {
                    "order_id": 97,
                    "building": "A17",
                    "room": "401",
                    "weight": 1.32,
                    "hour": "12:00",
                    "date": "14/4/2025"
                },
                {
                    "order_id": 98,
                    "building": "A4",
                    "room": "301",
                    "weight": 0.16,
                    "hour": "12:00",
                    "date": "14/4/2025"
                },
                {
                    "order_id": 99,
                    "building": "A5",
                    "room": "402",
                    "weight": 1.1,
                    "hour": "12:00",
                    "date": "14/4/2025"
                },
                {
                    "order_id": 100,
                    "building": "A2",
                    "room": "201",
                    "weight": 1.58,
                    "hour": "12:00",
                    "date": "14/4/2025"
                },
                {
                    "order_id": 101,
                    "building": "A19",
                    "room": "102",
                    "weight": 0.38,
                    "hour": "12:00",
                    "date": "14/4/2025"
                },
                {
                    "order_id": 102,
                    "building": "A10",
                    "room": "203",
                    "weight": 1.69,
                    "hour": "12:00",
                    "date": "14/4/2025"
                },
                {
                    "order_id": 103,
                    "building": "A7",
                    "room": "104",
                    "weight": 0.12,
                    "hour": "12:00",
                    "date": "14/4/2025"
                },
                {
                    "order_id": 104,
                    "building": "A1",
                    "room": "101",
                    "weight": 0.78,
                    "hour": "12:00",
                    "date": "14/4/2025"
                },
                {
                    "order_id": 105,
                    "building": "A7",
                    "room": "301",
                    "weight": 4.7,
                    "hour": "12:00",
                    "date": "14/4/2025"
                },
                {
                    "order_id": 106,
                    "building": "A17",
                    "room": "203",
                    "weight": 0.22,
                    "hour": "12:00",
                    "date": "14/4/2025"
                },
                {
                    "order_id": 107,
                    "building": "A12",
                    "room": "403",
                    "weight": 1.69,
                    "hour": "12:00",
                    "date": "14/4/2025"
                },
                {
                    "order_id": 108,
                    "building": "A1",
                    "room": "201",
                    "weight": 1.98,
                    "hour": "12:00",
                    "date": "14/4/2025"
                },
                {
                    "order_id": 109,
                    "building": "AH1",
                    "room": "201",
                    "weight": 0.9,
                    "hour": "12:00",
                    "date": "14/4/2025"
                },
                {
                    "order_id": 110,
                    "building": "A17",
                    "room": "101",
                    "weight": 0.67,
                    "hour": "12:00",
                    "date": "14/4/2025"
                },
                {
                    "order_id": 111,
                    "building": "A19",
                    "room": "102",
                    "weight": 2.77,
                    "hour": "12:00",
                    "date": "14/4/2025"
                },
                {
                    "order_id": 112,
                    "building": "AH1",
                    "room": "103",
                    "weight": 3.73,
                    "hour": "12:00",
                    "date": "14/4/2025"
                },
                {
                    "order_id": 113,
                    "building": "A14",
                    "room": "404",
                    "weight": 0.13,
                    "hour": "12:00",
                    "date": "14/4/2025"
                },
                {
                    "order_id": 114,
                    "building": "AG3",
                    "room": "404",
                    "weight": 0.63,
                    "hour": "12:00",
                    "date": "14/4/2025"
                },
                {
                    "order_id": 115,
                    "building": "A9",
                    "room": "304",
                    "weight": 3.13,
                    "hour": "12:00",
                    "date": "14/4/2025"
                },
                {
                    "order_id": 116,
                    "building": "A14",
                    "room": "302",
                    "weight": 0.16,
                    "hour": "12:00",
                    "date": "14/4/2025"
                },
                {
                    "order_id": 117,
                    "building": "A13",
                    "room": "102",
                    "weight": 1.05,
                    "hour": "12:00",
                    "date": "14/4/2025"
                },
                {
                    "order_id": 118,
                    "building": "A2",
                    "room": "401",
                    "weight": 1.89,
                    "hour": "12:00",
                    "date": "14/4/2025"
                },
                {
                    "order_id": 119,
                    "building": "A11",
                    "room": "102",
                    "weight": 1.81,
                    "hour": "12:00",
                    "date": "14/4/2025"
                },
                {
                    "order_id": 120,
                    "building": "A3",
                    "room": "303",
                    "weight": 1.09,
                    "hour": "12:00",
                    "date": "14/4/2025"
                },
                {
                    "order_id": 121,
                    "building": "AG3",
                    "room": "203",
                    "weight": 1.11,
                    "hour": "12:00",
                    "date": "14/4/2025"
                },
                {
                    "order_id": 122,
                    "building": "AG3",
                    "room": "404",
                    "weight": 0.39,
                    "hour": "12:00",
                    "date": "14/4/2025"
                },
                {
                    "order_id": 123,
                    "building": "A10",
                    "room": "304",
                    "weight": 1.55,
                    "hour": "12:00",
                    "date": "14/4/2025"
                },
                {
                    "order_id": 124,
                    "building": "A18",
                    "room": "401",
                    "weight": 0.36,
                    "hour": "12:00",
                    "date": "14/4/2025"
                },
                {
                    "order_id": 125,
                    "building": "A5",
                    "room": "301",
                    "weight": 0.2,
                    "hour": "12:00",
                    "date": "14/4/2025"
                },
                {
                    "order_id": 126,
                    "building": "A20",
                    "room": "203",
                    "weight": 1.56,
                    "hour": "12:00",
                    "date": "14/4/2025"
                },
                {
                    "order_id": 127,
                    "building": "A19",
                    "room": "201",
                    "weight": 1.18,
                    "hour": "12:00",
                    "date": "14/4/2025"
                },
                {
                    "order_id": 128,
                    "building": "AG4",
                    "room": "401",
                    "weight": 1.95,
                    "hour": "12:00",
                    "date": "14/4/2025"
                },
                {
                    "order_id": 129,
                    "building": "A16",
                    "room": "304",
                    "weight": 1.32,
                    "hour": "12:00",
                    "date": "14/4/2025"
                },
                {
                    "order_id": 130,
                    "building": "A6",
                    "room": "203",
                    "weight": 1.77,
                    "hour": "12:00",
                    "date": "14/4/2025"
                },
                {
                    "order_id": 131,
                    "building": "A5",
                    "room": "204",
                    "weight": 0.22,
                    "hour": "12:00",
                    "date": "14/4/2025"
                },
                {
                    "order_id": 132,
                    "building": "A16",
                    "room": "102",
                    "weight": 0.91,
                    "hour": "12:00",
                    "date": "14/4/2025"
                },
                {
                    "order_id": 133,
                    "building": "A7",
                    "room": "303",
                    "weight": 1.31,
                    "hour": "12:00",
                    "date": "14/4/2025"
                },
                {
                    "order_id": 134,
                    "building": "A16",
                    "room": "101",
                    "weight": 0.93,
                    "hour": "12:00",
                    "date": "14/4/2025"
                },
                {
                    "order_id": 135,
                    "building": "A12",
                    "room": "104",
                    "weight": 0.51,
                    "hour": "12:00",
                    "date": "14/4/2025"
                },
                {
                    "order_id": 136,
                    "building": "A14",
                    "room": "401",
                    "weight": 0.54,
                    "hour": "12:00",
                    "date": "14/4/2025"
                },
                {
                    "order_id": 137,
                    "building": "A10",
                    "room": "204",
                    "weight": 0.29,
                    "hour": "12:00",
                    "date": "14/4/2025"
                },
                {
                    "order_id": 138,
                    "building": "A3",
                    "room": "202",
                    "weight": 1.12,
                    "hour": "12:00",
                    "date": "14/4/2025"
                },
                {
                    "order_id": 139,
                    "building": "A18",
                    "room": "204",
                    "weight": 0.64,
                    "hour": "12:00",
                    "date": "14/4/2025"
                },
                {
                    "order_id": 140,
                    "building": "A16",
                    "room": "101",
                    "weight": 0.7,
                    "hour": "12:00",
                    "date": "14/4/2025"
                },
                {
                    "order_id": 141,
                    "building": "A17",
                    "room": "304",
                    "weight": 1.34,
                    "hour": "12:00",
                    "date": "14/4/2025"
                },
                {
                    "order_id": 142,
                    "building": "A15",
                    "room": "401",
                    "weight": 1.06,
                    "hour": "12:00",
                    "date": "14/4/2025"
                },
                {
                    "order_id": 143,
                    "building": "A19",
                    "room": "201",
                    "weight": 0.53,
                    "hour": "12:00",
                    "date": "14/4/2025"
                },
                {
                    "order_id": 144,
                    "building": "A15",
                    "room": "403",
                    "weight": 1.96,
                    "hour": "12:00",
                    "date": "14/4/2025"
                },
                {
                    "order_id": 145,
                    "building": "AH2",
                    "room": "402",
                    "weight": 0.46,
                    "hour": "12:00",
                    "date": "14/4/2025"
                },
                {
                    "order_id": 146,
                    "building": "A17",
                    "room": "303",
                    "weight": 1.45,
                    "hour": "12:00",
                    "date": "14/4/2025"
                },
                {
                    "order_id": 147,
                    "building": "A20",
                    "room": "301",
                    "weight": 1.64,
                    "hour": "12:00",
                    "date": "14/4/2025"
                },
                {
                    "order_id": 148,
                    "building": "AG3",
                    "room": "202",
                    "weight": 4.37,
                    "hour": "12:00",
                    "date": "14/4/2025"
                },
                {
                    "order_id": 149,
                    "building": "A5",
                    "room": "101",
                    "weight": 1.94,
                    "hour": "12:00",
                    "date": "14/4/2025"
                },
                {
                    "order_id": 150,
                    "building": "A7",
                    "room": "101",
                    "weight": 0.36,
                    "hour": "12:00",
                    "date": "14/4/2025"
                },
                {
                    "order_id": 151,
                    "building": "AH1",
                    "room": "301",
                    "weight": 2.28,
                    "hour": "12:00",
                    "date": "14/4/2025"
                },
                {
                    "order_id": 152,
                    "building": "AG4",
                    "room": "402",
                    "weight": 1.06,
                    "hour": "12:00",
                    "date": "14/4/2025"
                },
                {
                    "order_id": 153,
                    "building": "AG4",
                    "room": "401",
                    "weight": 1.66,
                    "hour": "12:00",
                    "date": "14/4/2025"
                },
                {
                    "order_id": 154,
                    "building": "A18",
                    "room": "101",
                    "weight": 0.57,
                    "hour": "12:00",
                    "date": "14/4/2025"
                },
                {
                    "order_id": 155,
                    "building": "A13",
                    "room": "403",
                    "weight": 1.98,
                    "hour": "12:00",
                    "date": "14/4/2025"
                },
                {
                    "order_id": 156,
                    "building": "A5",
                    "room": "102",
                    "weight": 1.56,
                    "hour": "12:00",
                    "date": "14/4/2025"
                },
                {
                    "order_id": 157,
                    "building": "A14",
                    "room": "204",
                    "weight": 1.2,
                    "hour": "12:00",
                    "date": "14/4/2025"
                },
                {
                    "order_id": 158,
                    "building": "A16",
                    "room": "203",
                    "weight": 3.8,
                    "hour": "12:00",
                    "date": "14/4/2025"
                },
                {
                    "order_id": 159,
                    "building": "A1",
                    "room": "303",
                    "weight": 1.98,
                    "hour": "12:00",
                    "date": "14/4/2025"
                },
                {
                    "order_id": 160,
                    "building": "AG3",
                    "room": "202",
                    "weight": 4.37,
                    "hour": "12:00",
                    "date": "14/4/2025"
                },
                {
                    "order_id": 161,
                    "building": "A1",
                    "room": "302",
                    "weight": 0.79,
                    "hour": "12:00",
                    "date": "14/4/2025"
                },
                {
                    "order_id": 162,
                    "building": "A13",
                    "room": "204",
                    "weight": 0.32,
                    "hour": "12:00",
                    "date": "14/4/2025"
                },
                {
                    "order_id": 163,
                    "building": "A5",
                    "room": "301",
                    "weight": 4.56,
                    "hour": "12:00",
                    "date": "14/4/2025"
                },
                {
                    "order_id": 164,
                    "building": "A11",
                    "room": "203",
                    "weight": 4.57,
                    "hour": "12:00",
                    "date": "14/4/2025"
                },
                {
                    "order_id": 165,
                    "building": "A1",
                    "room": "104",
                    "weight": 0.71,
                    "hour": "12:00",
                    "date": "14/4/2025"
                },
                {
                    "order_id": 166,
                    "building": "A12",
                    "room": "204",
                    "weight": 0.58,
                    "hour": "12:00",
                    "date": "14/4/2025"
                },
                {
                    "order_id": 167,
                    "building": "A11",
                    "room": "301",
                    "weight": 0.62,
                    "hour": "12:00",
                    "date": "14/4/2025"
                },
                {
                    "order_id": 168,
                    "building": "A15",
                    "room": "301",
                    "weight": 1.85,
                    "hour": "12:00",
                    "date": "14/4/2025"
                },
                {
                    "order_id": 169,
                    "building": "AH1",
                    "room": "302",
                    "weight": 1.06,
                    "hour": "12:00",
                    "date": "14/4/2025"
                },
                {
                    "order_id": 170,
                    "building": "AH2",
                    "room": "401",
                    "weight": 4.55,
                    "hour": "12:00",
                    "date": "14/4/2025"
                },
                {
                    "order_id": 171,
                    "building": "A10",
                    "room": "402",
                    "weight": 1.01,
                    "hour": "12:00",
                    "date": "14/4/2025"
                },
                {
                    "order_id": 172,
                    "building": "A11",
                    "room": "101",
                    "weight": 4.1,
                    "hour": "12:00",
                    "date": "14/4/2025"
                },
                {
                    "order_id": 173,
                    "building": "A20",
                    "room": "403",
                    "weight": 1.28,
                    "hour": "12:00",
                    "date": "14/4/2025"
                },
                {
                    "order_id": 174,
                    "building": "A16",
                    "room": "403",
                    "weight": 4.2,
                    "hour": "12:00",
                    "date": "14/4/2025"
                },
                {
                    "order_id": 175,
                    "building": "A2",
                    "room": "104",
                    "weight": 1.0,
                    "hour": "12:00",
                    "date": "14/4/2025"
                },
                {
                    "order_id": 176,
                    "building": "A6",
                    "room": "202",
                    "weight": 1.0,
                    "hour": "12:00",
                    "date": "14/4/2025"
                },
                {
                    "order_id": 177,
                    "building": "A9",
                    "room": "104",
                    "weight": 3.2,
                    "hour": "12:00",
                    "date": "14/4/2025"
                },
                {
                    "order_id": 178,
                    "building": "A4",
                    "room": "402",
                    "weight": 0.97,
                    "hour": "12:00",
                    "date": "14/4/2025"
                },
                {
                    "order_id": 179,
                    "building": "AG3",
                    "room": "401",
                    "weight": 1.77,
                    "hour": "12:00",
                    "date": "14/4/2025"
                },
                {
                    "order_id": 180,
                    "building": "A4",
                    "room": "204",
                    "weight": 0.11,
                    "hour": "12:00",
                    "date": "14/4/2025"
                },
                {
                    "order_id": 181,
                    "building": "AG3",
                    "room": "301",
                    "weight": 1.77,
                    "hour": "12:00",
                    "date": "14/4/2025"
                },
                {
                    "order_id": 182,
                    "building": "A17",
                    "room": "101",
                    "weight": 3.99,
                    "hour": "12:00",
                    "date": "14/4/2025"
                },
                {
                    "order_id": 183,
                    "building": "A12",
                    "room": "103",
                    "weight": 1.54,
                    "hour": "12:00",
                    "date": "14/4/2025"
                },
                {
                    "order_id": 184,
                    "building": "A15",
                    "room": "402",
                    "weight": 1.62,
                    "hour": "12:00",
                    "date": "14/4/2025"
                },
                {
                    "order_id": 185,
                    "building": "AH2",
                    "room": "104",
                    "weight": 1.58,
                    "hour": "12:00",
                    "date": "14/4/2025"
                },
                {
                    "order_id": 186,
                    "building": "A15",
                    "room": "103",
                    "weight": 0.75,
                    "hour": "12:00",
                    "date": "14/4/2025"
                },
                {
                    "order_id": 187,
                    "building": "AH1",
                    "room": "204",
                    "weight": 0.35,
                    "hour": "12:00",
                    "date": "14/4/2025"
                },
                {
                    "order_id": 188,
                    "building": "A4",
                    "room": "101",
                    "weight": 1.65,
                    "hour": "12:00",
                    "date": "14/4/2025"
                },
                {
                    "order_id": 189,
                    "building": "AH2",
                    "room": "101",
                    "weight": 0.22,
                    "hour": "12:00",
                    "date": "14/4/2025"
                },
                {
                    "order_id": 190,
                    "building": "A5",
                    "room": "102",
                    "weight": 3.04,
                    "hour": "12:00",
                    "date": "14/4/2025"
                },
                {
                    "order_id": 191,
                    "building": "A13",
                    "room": "302",
                    "weight": 1.98,
                    "hour": "12:00",
                    "date": "14/4/2025"
                },
                {
                    "order_id": 192,
                    "building": "A12",
                    "room": "401",
                    "weight": 0.8,
                    "hour": "12:00",
                    "date": "14/4/2025"
                },
                {
                    "order_id": 193,
                    "building": "A6",
                    "room": "301",
                    "weight": 0.17,
                    "hour": "12:00",
                    "date": "14/4/2025"
                },
                {
                    "order_id": 194,
                    "building": "A1",
                    "room": "103",
                    "weight": 0.67,
                    "hour": "12:00",
                    "date": "14/4/2025"
                },
                {
                    "order_id": 195,
                    "building": "A11",
                    "room": "102",
                    "weight": 0.67,
                    "hour": "12:00",
                    "date": "14/4/2025"
                },
                {
                    "order_id": 196,
                    "building": "A13",
                    "room": "202",
                    "weight": 1.54,
                    "hour": "12:00",
                    "date": "14/4/2025"
                },
                {
                    "order_id": 197,
                    "building": "A6",
                    "room": "404",
                    "weight": 0.19,
                    "hour": "12:00",
                    "date": "14/4/2025"
                },
                {
                    "order_id": 198,
                    "building": "A7",
                    "room": "104",
                    "weight": 1.43,
                    "hour": "12:00",
                    "date": "14/4/2025"
                },
                {
                    "order_id": 199,
                    "building": "AH1",
                    "room": "302",
                    "weight": 1.54,
                    "hour": "12:00",
                    "date": "14/4/2025"
                },
                {
                    "order_id": 200,
                    "building": "A16",
                    "room": "103",
                    "weight": 0.56,
                    "hour": "12:00",
                    "date": "14/4/2025"
                }
            ]
        }
    }
}