{
    "A": {
        "14/4/2025": {
            "11:00 - 12:45": [
                {
                    "order_id": 1,
                    "building": "A14",
                    "room": "203",
                    "weight": 0.17,
                    "hour": "12:00",
                    "date": "14/4/2025"
                },
                {
                    "order_id": 2,
                    "building": "A10",
                    "room": "204",
                    "weight": 1.39,
                    "hour": "12:00",
                    "date": "14/4/2025"
                },
                {
                    "order_id": 3,
                    "building": "A7",
                    "room": "102",
                    "weight": 4.46,
                    "hour": "12:00",
                    "date": "14/4/2025"
                },
                {
                    "order_id": 4,
                    "building": "A12",
                    "room": "304",
                    "weight": 1.2,
                    "hour": "12:00",
                    "date": "14/4/2025"
                },
                {
                    "order_id": 5,
                    "building": "A10",
                    "room": "301",
                    "weight": 1.6,
                    "hour": "12:00",
                    "date": "14/4/2025"
                }
            ]
        }
    }
}