{
    "A": {
        "14/4/2025": {
            "11:00 - 12:45": [
                {
                    "order_id": 1,
                    "building": "A4",
                    "room": "201",
                    "weight": 0.67,
                    "hour": "12:00",
                    "date": "14/4/2025"
                },
                {
                    "order_id": 2,
                    "building": "AH2",
                    "room": "202",
                    "weight": 1.1,
                    "hour": "12:00",
                    "date": "14/4/2025"
                },
                {
                    "order_id": 3,
                    "building": "A15",
                    "room": "204",
                    "weight": 1.97,
                    "hour": "12:00",
                    "date": "14/4/2025"
                },
                {
                    "order_id": 4,
                    "building": "A7",
                    "room": "101",
                    "weight": 1.1,
                    "hour": "12:00",
                    "date": "14/4/2025"
                },
                {
                    "order_id": 5,
                    "building": "A17",
                    "room": "401",
                    "weight": 0.74,
                    "hour": "12:00",
                    "date": "14/4/2025"
                }
            ]
        }
    }
}