{
    "A": {
        "14/4/2025": {
            "11:00 - 12:45": [
                {
                    "order_id": 1,
                    "building": "A7",
                    "room": "404",
                    "weight": 0.8,
                    "hour": "12:00",
                    "date": "14/4/2025"
                },
                {
                    "order_id": 2,
                    "building": "A15",
                    "room": "204",
                    "weight": 0.86,
                    "hour": "12:00",
                    "date": "14/4/2025"
                },
                {
                    "order_id": 3,
                    "building": "AG3",
                    "room": "204",
                    "weight": 1.98,
                    "hour": "12:00",
                    "date": "14/4/2025"
                },
                {
                    "order_id": 4,
                    "building": "AG4",
                    "room": "404",
                    "weight": 0.96,
                    "hour": "12:00",
                    "date": "14/4/2025"
                },
                {
                    "order_id": 5,
                    "building": "A8",
                    "room": "304",
                    "weight": 4.17,
                    "hour": "12:00",
                    "date": "14/4/2025"
                },
                {
                    "order_id": 6,
                    "building": "A6",
                    "room": "201",
                    "weight": 1.86,
                    "hour": "12:00",
                    "date": "14/4/2025"
                },
                {
                    "order_id": 7,
                    "building": "AG4",
                    "room": "404",
                    "weight": 1.77,
                    "hour": "12:00",
                    "date": "14/4/2025"
                },
                {
                    "order_id": 8,
                    "building": "A13",
                    "room": "102",
                    "weight": 3.14,
                    "hour": "12:00",
                    "date": "14/4/2025"
                },
                {
                    "order_id": 9,
                    "building": "A16",
                    "room": "402",
                    "weight": 0.39,
                    "hour": "12:00",
                    "date": "14/4/2025"
                },
                {
                    "order_id": 10,
                    "building": "A1",
                    "room": "404",
                    "weight": 0.7,
                    "hour": "12:00",
                    "date": "14/4/2025"
                }
            ]
        }
    }
}