{
    "A": {
        "14/4/2025": {
            "11:00 - 12:45": [
                {
                    "order_id": 1,
                    "building": "AG3",
                    "room": "103",
                    "weight": 0.65,
                    "hour": "12:00",
                    "date": "14/4/2025"
                },
                {
                    "order_id": 2,
                    "building": "A13",
                    "room": "302",
                    "weight": 2.33,
                    "hour": "12:00",
                    "date": "14/4/2025"
                },
                {
                    "order_id": 3,
                    "building": "A15",
                    "room": "201",
                    "weight": 1.09,
                    "hour": "12:00",
                    "date": "14/4/2025"
                },
                {
                    "order_id": 4,
                    "building": "A11",
                    "room": "403",
                    "weight": 1.9,
                    "hour": "12:00",
                    "date": "14/4/2025"
                }
            ]
        }
    }
}