{
    "A": {
        "14/4/2025": {
            "11:00 - 12:45": [
                {
                    "order_id": 1,
                    "building": "A15",
                    "room": "302",
                    "weight": 0.87,
                    "hour": "12:00",
                    "date": "14/4/2025"
                },
                {
                    "order_id": 2,
                    "building": "A17",
                    "room": "201",
                    "weight": 0.78,
                    "hour": "12:00",
                    "date": "14/4/2025"
                },
                {
                    "order_id": 3,
                    "building": "A13",
                    "room": "102",
                    "weight": 0.8,
                    "hour": "12:00",
                    "date": "14/4/2025"
                },
                {
                    "order_id": 4,
                    "building": "AH2",
                    "room": "204",
                    "weight": 1.35,
                    "hour": "12:00",
                    "date": "14/4/2025"
                },
                {
                    "order_id": 5,
                    "building": "A8",
                    "room": "304",
                    "weight": 4.17,
                    "hour": "12:00",
                    "date": "14/4/2025"
                },
                {
                    "order_id": 6,
                    "building": "AG3",
                    "room": "202",
                    "weight": 1.35,
                    "hour": "12:00",
                    "date": "14/4/2025"
                },
                {
                    "order_id": 7,
                    "building": "A9",
                    "room": "204",
                    "weight": 0.27,
                    "hour": "12:00",
                    "date": "14/4/2025"
                },
                {
                    "order_id": 8,
                    "building": "A3",
                    "room": "304",
                    "weight": 4.8,
                    "hour": "12:00",
                    "date": "14/4/2025"
                },
                {
                    "order_id": 9,
                    "building": "A18",
                    "room": "104",
                    "weight": 1.86,
                    "hour": "12:00",
                    "date": "14/4/2025"
                },
                {
                    "order_id": 10,
                    "building": "A8",
                    "room": "404",
                    "weight": 0.41,
                    "hour": "12:00",
                    "date": "14/4/2025"
                }
            ]
        }
    }
}