{
    "A": {
        "14/4/2025": {
            "11:00 - 12:45": [
                {
                    "order_id": 1,
                    "building": "AG4",
                    "room": "303",
                    "weight": 0.78,
                    "hour": "12:00",
                    "date": "14/4/2025"
                },
                {
                    "order_id": 2,
                    "building": "A12",
                    "room": "303",
                    "weight": 0.78,
                    "hour": "12:00",
                    "date": "14/4/2025"
                },
                {
                    "order_id": 3,
                    "building": "A16",
                    "room": "404",
                    "weight": 4.51,
                    "hour": "12:00",
                    "date": "14/4/2025"
                }
            ]
        }
    }
}