{
    "A": {
        "14/4/2025": {
            "11:00 - 12:45": [
                {
                    "order_id": 1,
                    "building": "A15",
                    "room": "303",
                    "weight": 0.26,
                    "hour": "12:00",
                    "date": "14/4/2025"
                },
                {
                    "order_id": 2,
                    "building": "A4",
                    "room": "203",
                    "weight": 0.69,
                    "hour": "12:00",
                    "date": "14/4/2025"
                },
                {
                    "order_id": 3,
                    "building": "AH1",
                    "room": "301",
                    "weight": 3.24,
                    "hour": "12:00",
                    "date": "14/4/2025"
                },
                {
                    "order_id": 4,
                    "building": "A11",
                    "room": "203",
                    "weight": 1.05,
                    "hour": "12:00",
                    "date": "14/4/2025"
                },
                {
                    "order_id": 5,
                    "building": "A5",
                    "room": "303",
                    "weight": 1.98,
                    "hour": "12:00",
                    "date": "14/4/2025"
                },
                {
                    "order_id": 6,
                    "building": "A18",
                    "room": "203",
                    "weight": 0.55,
                    "hour": "12:00",
                    "date": "14/4/2025"
                },
                {
                    "order_id": 7,
                    "building": "AH1",
                    "room": "202",
                    "weight": 1.76,
                    "hour": "12:00",
                    "date": "14/4/2025"
                },
                {
                    "order_id": 8,
                    "building": "A10",
                    "room": "303",
                    "weight": 2.48,
                    "hour": "12:00",
                    "date": "14/4/2025"
                },
                {
                    "order_id": 9,
                    "building": "A18",
                    "room": "204",
                    "weight": 1.55,
                    "hour": "12:00",
                    "date": "14/4/2025"
                },
                {
                    "order_id": 10,
                    "building": "A18",
                    "room": "104",
                    "weight": 0.82,
                    "hour": "12:00",
                    "date": "14/4/2025"
                },
                {
                    "order_id": 11,
                    "building": "A3",
                    "room": "101",
                    "weight": 0.53,
                    "hour": "12:00",
                    "date": "14/4/2025"
                }
            ]
        }
    }
}