{
    "A": {
        "14/4/2025": {
            "11:00 - 12:45": [
                {
                    "order_id": 1,
                    "building": "A1",
                    "room": "102",
                    "weight": 0.13,
                    "hour": "12:00",
                    "date": "14/4/2025"
                },
                {
                    "order_id": 2,
                    "building": "A14",
                    "room": "301",
                    "weight": 1.25,
                    "hour": "12:00",
                    "date": "14/4/2025"
                },
                {
                    "order_id": 3,
                    "building": "A4",
                    "room": "303",
                    "weight": 1.69,
                    "hour": "12:00",
                    "date": "14/4/2025"
                },
                {
                    "order_id": 4,
                    "building": "A14",
                    "room": "301",
                    "weight": 1.25,
                    "hour": "12:00",
                    "date": "14/4/2025"
                },
                {
                    "order_id": 5,
                    "building": "A14",
                    "room": "201",
                    "weight": 1.65,
                    "hour": "12:00",
                    "date": "14/4/2025"
                }
            ]
        }
    }
}