{
    "A": {
        "14/4/2025": {
            "11:00 - 12:45": [
                {
                    "order_id": 1,
                    "building": "A8",
                    "room": "101",
                    "weight": 5.0,
                    "hour": "12:00",
                    "date": "14/4/2025"
                },
                {
                    "order_id": 2,
                    "building": "A8",
                    "room": "404",
                    "weight": 0.66,
                    "hour": "12:00",
                    "date": "14/4/2025"
                }
            ]
        }
    }
}