{
    "A": {
        "14/4/2025": {
            "11:00 - 12:45": [
                {
                    "order_id": 1,
                    "building": "A9",
                    "room": "301",
                    "weight": 0.99,
                    "hour": "12:00",
                    "date": "14/4/2025"
                },
                {
                    "order_id": 2,
                    "building": "A9",
                    "room": "201",
                    "weight": 0.18,
                    "hour": "12:00",
                    "date": "14/4/2025"
                },
                {
                    "order_id": 3,
                    "building": "A17",
                    "room": "201",
                    "weight": 0.62,
                    "hour": "12:00",
                    "date": "14/4/2025"
                },
                {
                    "order_id": 4,
                    "building": "A5",
                    "room": "301",
                    "weight": 1.46,
                    "hour": "12:00",
                    "date": "14/4/2025"
                },
                {
                    "order_id": 5,
                    "building": "A20",
                    "room": "103",
                    "weight": 1.54,
                    "hour": "12:00",
                    "date": "14/4/2025"
                },
                {
                    "order_id": 6,
                    "building": "AG4",
                    "room": "302",
                    "weight": 0.79,
                    "hour": "12:00",
                    "date": "14/4/2025"
                },
                {
                    "order_id": 7,
                    "building": "A2",
                    "room": "102",
                    "weight": 4.58,
                    "hour": "12:00",
                    "date": "14/4/2025"
                },
                {
                    "order_id": 8,
                    "building": "A17",
                    "room": "103",
                    "weight": 1.67,
                    "hour": "12:00",
                    "date": "14/4/2025"
                },
                {
                    "order_id": 9,
                    "building": "A17",
                    "room": "102",
                    "weight": 0.5,
                    "hour": "12:00",
                    "date": "14/4/2025"
                },
                {
                    "order_id": 10,
                    "building": "A10",
                    "room": "104",
                    "weight": 1.74,
                    "hour": "12:00",
                    "date": "14/4/2025"
                },
                {
                    "order_id": 11,
                    "building": "A15",
                    "room": "304",
                    "weight": 1.67,
                    "hour": "12:00",
                    "date": "14/4/2025"
                }
            ]
        }
    }
}