{
    "A": {
        "14/4/2025": {
            "11:00 - 12:45": [
                {
                    "order_id": 1,
                    "building": "A4",
                    "room": "302",
                    "weight": 0.92,
                    "hour": "12:00",
                    "date": "14/4/2025"
                },
                {
                    "order_id": 2,
                    "building": "A14",
                    "room": "202",
                    "weight": 1.69,
                    "hour": "12:00",
                    "date": "14/4/2025"
                }
            ]
        }
    }
}