{
    "A": {
        "14/4/2025": {
            "11:00 - 12:45": [
                {
                    "order_id": 1,
                    "building": "A19",
                    "room": "101",
                    "weight": 1.22,
                    "hour": "12:00",
                    "date": "14/4/2025"
                },
                {
                    "order_id": 2,
                    "building": "A19",
                    "room": "401",
                    "weight": 1.75,
                    "hour": "12:00",
                    "date": "14/4/2025"
                },
                {
                    "order_id": 3,
                    "building": "AH2",
                    "room": "202",
                    "weight": 4.57,
                    "hour": "12:00",
                    "date": "14/4/2025"
                },
                {
                    "order_id": 4,
                    "building": "A1",
                    "room": "202",
                    "weight": 1.43,
                    "hour": "12:00",
                    "date": "14/4/2025"
                }
            ]
        }
    }
}