{
    "A": {
        "14/4/2025": {
            "11:00 - 12:45": [
                {
                    "order_id": 1,
                    "building": "A8",
                    "room": "203",
                    "weight": 1.76,
                    "hour": "12:00",
                    "date": "14/4/2025"
                },
                {
                    "order_id": 2,
                    "building": "A13",
                    "room": "104",
                    "weight": 3.02,
                    "hour": "12:00",
                    "date": "14/4/2025"
                },
                {
                    "order_id": 3,
                    "building": "A17",
                    "room": "104",
                    "weight": 0.82,
                    "hour": "12:00",
                    "date": "14/4/2025"
                },
                {
                    "order_id": 4,
                    "building": "A18",
                    "room": "204",
                    "weight": 1.35,
                    "hour": "12:00",
                    "date": "14/4/2025"
                },
                {
                    "order_id": 5,
                    "building": "A20",
                    "room": "102",
                    "weight": 1.43,
                    "hour": "12:00",
                    "date": "14/4/2025"
                },
                {
                    "order_id": 6,
                    "building": "A8",
                    "room": "201",
                    "weight": 0.23,
                    "hour": "12:00",
                    "date": "14/4/2025"
                },
                {
                    "order_id": 7,
                    "building": "A3",
                    "room": "103",
                    "weight": 3.51,
                    "hour": "12:00",
                    "date": "14/4/2025"
                },
                {
                    "order_id": 8,
                    "building": "AG3",
                    "room": "201",
                    "weight": 1.76,
                    "hour": "12:00",
                    "date": "14/4/2025"
                },
                {
                    "order_id": 9,
                    "building": "AH1",
                    "room": "102",
                    "weight": 0.65,
                    "hour": "12:00",
                    "date": "14/4/2025"
                },
                {
                    "order_id": 10,
                    "building": "A19",
                    "room": "303",
                    "weight": 0.96,
                    "hour": "12:00",
                    "date": "14/4/2025"
                }
            ]
        }
    }
}