{
    "A": {
        "14/4/2025": {
            "11:00 - 12:45": [
                {
                    "order_id": 1,
                    "building": "AG3",
                    "room": "101",
                    "weight": 0.91,
                    "hour": "12:00",
                    "date": "14/4/2025"
                },
                {
                    "order_id": 2,
                    "building": "A6",
                    "room": "103",
                    "weight": 0.85,
                    "hour": "12:00",
                    "date": "14/4/2025"
                },
                {
                    "order_id": 3,
                    "building": "A11",
                    "room": "104",
                    "weight": 1.5,
                    "hour": "12:00",
                    "date": "14/4/2025"
                },
                {
                    "order_id": 4,
                    "building": "A6",
                    "room": "203",
                    "weight": 0.68,
                    "hour": "12:00",
                    "date": "14/4/2025"
                },
                {
                    "order_id": 5,
                    "building": "A13",
                    "room": "302",
                    "weight": 4.68,
                    "hour": "12:00",
                    "date": "14/4/2025"
                },
                {
                    "order_id": 6,
                    "building": "AG4",
                    "room": "203",
                    "weight": 1.27,
                    "hour": "12:00",
                    "date": "14/4/2025"
                },
                {
                    "order_id": 7,
                    "building": "A5",
                    "room": "203",
                    "weight": 1.87,
                    "hour": "12:00",
                    "date": "14/4/2025"
                },
                {
                    "order_id": 8,
                    "building": "A18",
                    "room": "101",
                    "weight": 1.03,
                    "hour": "12:00",
                    "date": "14/4/2025"
                },
                {
                    "order_id": 9,
                    "building": "A20",
                    "room": "202",
                    "weight": 1.3,
                    "hour": "12:00",
                    "date": "14/4/2025"
                },
                {
                    "order_id": 10,
                    "building": "A20",
                    "room": "202",
                    "weight": 0.64,
                    "hour": "12:00",
                    "date": "14/4/2025"
                },
                {
                    "order_id": 11,
                    "building": "A5",
                    "room": "302",
                    "weight": 1.93,
                    "hour": "12:00",
                    "date": "14/4/2025"
                },
                {
                    "order_id": 12,
                    "building": "A11",
                    "room": "303",
                    "weight": 1.54,
                    "hour": "12:00",
                    "date": "14/4/2025"
                },
                {
                    "order_id": 13,
                    "building": "A4",
                    "room": "204",
                    "weight": 1.03,
                    "hour": "12:00",
                    "date": "14/4/2025"
                },
                {
                    "order_id": 14,
                    "building": "A15",
                    "room": "202",
                    "weight": 1.96,
                    "hour": "12:00",
                    "date": "14/4/2025"
                },
                {
                    "order_id": 15,
                    "building": "A19",
                    "room": "102",
                    "weight": 4.49,
                    "hour": "12:00",
                    "date": "14/4/2025"
                },
                {
                    "order_id": 16,
                    "building": "A3",
                    "room": "302",
                    "weight": 4.39,
                    "hour": "12:00",
                    "date": "14/4/2025"
                },
                {
                    "order_id": 17,
                    "building": "A3",
                    "room": "301",
                    "weight": 0.26,
                    "hour": "12:00",
                    "date": "14/4/2025"
                },
                {
                    "order_id": 18,
                    "building": "A5",
                    "room": "404",
                    "weight": 1.99,
                    "hour": "12:00",
                    "date": "14/4/2025"
                },
                {
                    "order_id": 19,
                    "building": "A7",
                    "room": "202",
                    "weight": 1.27,
                    "hour": "12:00",
                    "date": "14/4/2025"
                },
                {
                    "order_id": 20,
                    "building": "A14",
                    "room": "102",
                    "weight": 1.47,
                    "hour": "12:00",
                    "date": "14/4/2025"
                },
                {
                    "order_id": 21,
                    "building": "A3",
                    "room": "101",
                    "weight": 0.28,
                    "hour": "12:00",
                    "date": "14/4/2025"
                },
                {
                    "order_id": 22,
                    "building": "A15",
                    "room": "302",
                    "weight": 1.17,
                    "hour": "12:00",
                    "date": "14/4/2025"
                },
                {
                    "order_id": 23,
                    "building": "A11",
                    "room": "104",
                    "weight": 0.72,
                    "hour": "12:00",
                    "date": "14/4/2025"
                },
                {
                    "order_id": 24,
                    "building": "A14",
                    "room": "203",
                    "weight": 0.99,
                    "hour": "12:00",
                    "date": "14/4/2025"
                },
                {
                    "order_id": 25,
                    "building": "A13",
                    "room": "302",
                    "weight": 0.76,
                    "hour": "12:00",
                    "date": "14/4/2025"
                },
                {
                    "order_id": 26,
                    "building": "A11",
                    "room": "102",
                    "weight": 2.74,
                    "hour": "12:00",
                    "date": "14/4/2025"
                },
                {
                    "order_id": 27,
                    "building": "A1",
                    "room": "102",
                    "weight": 1.54,
                    "hour": "12:00",
                    "date": "14/4/2025"
                },
                {
                    "order_id": 28,
                    "building": "A13",
                    "room": "402",
                    "weight": 1.73,
                    "hour": "12:00",
                    "date": "14/4/2025"
                },
                {
                    "order_id": 29,
                    "building": "A5",
                    "room": "203",
                    "weight": 1.88,
                    "hour": "12:00",
                    "date": "14/4/2025"
                },
                {
                    "order_id": 30,
                    "building": "A20",
                    "room": "404",
                    "weight": 1.57,
                    "hour": "12:00",
                    "date": "14/4/2025"
                },
                {
                    "order_id": 31,
                    "building": "A8",
                    "room": "404",
                    "weight": 0.77,
                    "hour": "12:00",
                    "date": "14/4/2025"
                },
                {
                    "order_id": 32,
                    "building": "A12",
                    "room": "303",
                    "weight": 0.42,
                    "hour": "12:00",
                    "date": "14/4/2025"
                },
                {
                    "order_id": 33,
                    "building": "A4",
                    "room": "202",
                    "weight": 1.93,
                    "hour": "12:00",
                    "date": "14/4/2025"
                },
                {
                    "order_id": 34,
                    "building": "A15",
                    "room": "101",
                    "weight": 0.52,
                    "hour": "12:00",
                    "date": "14/4/2025"
                },
                {
                    "order_id": 35,
                    "building": "A3",
                    "room": "103",
                    "weight": 1.08,
                    "hour": "12:00",
                    "date": "14/4/2025"
                },
                {
                    "order_id": 36,
                    "building": "AH1",
                    "room": "203",
                    "weight": 0.25,
                    "hour": "12:00",
                    "date": "14/4/2025"
                },
                {
                    "order_id": 37,
                    "building": "A6",
                    "room": "304",
                    "weight": 0.55,
                    "hour": "12:00",
                    "date": "14/4/2025"
                },
                {
                    "order_id": 38,
                    "building": "AG3",
                    "room": "202",
                    "weight": 1.99,
                    "hour": "12:00",
                    "date": "14/4/2025"
                },
                {
                    "order_id": 39,
                    "building": "A3",
                    "room": "102",
                    "weight": 1.54,
                    "hour": "12:00",
                    "date": "14/4/2025"
                },
                {
                    "order_id": 40,
                    "building": "A19",
                    "room": "103",
                    "weight": 1.5,
                    "hour": "12:00",
                    "date": "14/4/2025"
                },
                {
                    "order_id": 41,
                    "building": "A10",
                    "room": "103",
                    "weight": 1.5,
                    "hour": "12:00",
                    "date": "14/4/2025"
                },
                {
                    "order_id": 42,
                    "building": "A18",
                    "room": "303",
                    "weight": 1.72,
                    "hour": "12:00",
                    "date": "14/4/2025"
                },
                {
                    "order_id": 43,
                    "building": "A8",
                    "room": "403",
                    "weight": 3.37,
                    "hour": "12:00",
                    "date": "14/4/2025"
                },
                {
                    "order_id": 44,
                    "building": "A12",
                    "room": "202",
                    "weight": 1.16,
                    "hour": "12:00",
                    "date": "14/4/2025"
                },
                {
                    "order_id": 45,
                    "building": "A18",
                    "room": "301",
                    "weight": 1.43,
                    "hour": "12:00",
                    "date": "14/4/2025"
                },
                {
                    "order_id": 46,
                    "building": "AH2",
                    "room": "104",
                    "weight": 1.25,
                    "hour": "12:00",
                    "date": "14/4/2025"
                },
                {
                    "order_id": 47,
                    "building": "A9",
                    "room": "303",
                    "weight": 0.96,
                    "hour": "12:00",
                    "date": "14/4/2025"
                },
                {
                    "order_id": 48,
                    "building": "A9",
                    "room": "403",
                    "weight": 0.23,
                    "hour": "12:00",
                    "date": "14/4/2025"
                },
                {
                    "order_id": 49,
                    "building": "A6",
                    "room": "403",
                    "weight": 0.91,
                    "hour": "12:00",
                    "date": "14/4/2025"
                },
                {
                    "order_id": 50,
                    "building": "A6",
                    "room": "103",
                    "weight": 1.8,
                    "hour": "12:00",
                    "date": "14/4/2025"
                },
                {
                    "order_id": 51,
                    "building": "AG4",
                    "room": "303",
                    "weight": 3.83,
                    "hour": "12:00",
                    "date": "14/4/2025"
                },
                {
                    "order_id": 52,
                    "building": "A13",
                    "room": "301",
                    "weight": 0.77,
                    "hour": "12:00",
                    "date": "14/4/2025"
                },
                {
                    "order_id": 53,
                    "building": "A16",
                    "room": "303",
                    "weight": 1.95,
                    "hour": "12:00",
                    "date": "14/4/2025"
                },
                {
                    "order_id": 54,
                    "building": "AG4",
                    "room": "301",
                    "weight": 1.16,
                    "hour": "12:00",
                    "date": "14/4/2025"
                },
                {
                    "order_id": 55,
                    "building": "A12",
                    "room": "304",
                    "weight": 0.36,
                    "hour": "12:00",
                    "date": "14/4/2025"
                },
                {
                    "order_id": 56,
                    "building": "A6",
                    "room": "401",
                    "weight": 1.98,
                    "hour": "12:00",
                    "date": "14/4/2025"
                },
                {
                    "order_id": 57,
                    "building": "A11",
                    "room": "301",
                    "weight": 0.17,
                    "hour": "12:00",
                    "date": "14/4/2025"
                },
                {
                    "order_id": 58,
                    "building": "A8",
                    "room": "401",
                    "weight": 1.24,
                    "hour": "12:00",
                    "date": "14/4/2025"
                },
                {
                    "order_id": 59,
                    "building": "A9",
                    "room": "303",
                    "weight": 1.21,
                    "hour": "12:00",
                    "date": "14/4/2025"
                },
                {
                    "order_id": 60,
                    "building": "A14",
                    "room": "304",
                    "weight": 0.36,
                    "hour": "12:00",
                    "date": "14/4/2025"
                },
                {
                    "order_id": 61,
                    "building": "A1",
                    "room": "304",
                    "weight": 0.77,
                    "hour": "12:00",
                    "date": "14/4/2025"
                },
                {
                    "order_id": 62,
                    "building": "AH2",
                    "room": "203",
                    "weight": 4.28,
                    "hour": "12:00",
                    "date": "14/4/2025"
                },
                {
                    "order_id": 63,
                    "building": "A12",
                    "room": "103",
                    "weight": 1.51,
                    "hour": "12:00",
                    "date": "14/4/2025"
                },
                {
                    "order_id": 64,
                    "building": "AG3",
                    "room": "401",
                    "weight": 4.47,
                    "hour": "12:00",
                    "date": "14/4/2025"
                },
                {
                    "order_id": 65,
                    "building": "A7",
                    "room": "302",
                    "weight": 1.51,
                    "hour": "12:00",
                    "date": "14/4/2025"
                },
                {
                    "order_id": 66,
                    "building": "A7",
                    "room": "103",
                    "weight": 0.16,
                    "hour": "12:00",
                    "date": "14/4/2025"
                },
                {
                    "order_id": 67,
                    "building": "AH2",
                    "room": "104",
                    "weight": 0.72,
                    "hour": "12:00",
                    "date": "14/4/2025"
                },
                {
                    "order_id": 68,
                    "building": "A7",
                    "room": "104",
                    "weight": 0.67,
                    "hour": "12:00",
                    "date": "14/4/2025"
                },
                {
                    "order_id": 69,
                    "building": "AH2",
                    "room": "404",
                    "weight": 0.51,
                    "hour": "12:00",
                    "date": "14/4/2025"
                },
                {
                    "order_id": 70,
                    "building": "A5",
                    "room": "303",
                    "weight": 0.49,
                    "hour": "12:00",
                    "date": "14/4/2025"
                }
            ]
        }
    }
}