{
    "A": {
        "14/4/2025": {
            "11:00 - 12:45": [
                {
                    "order_id": 1,
                    "building": "A12",
                    "room": "303",
                    "weight": 1.88,
                    "hour": "12:00",
                    "date": "14/4/2025"
                },
                {
                    "order_id": 2,
                    "building": "A5",
                    "room": "302",
                    "weight": 3.01,
                    "hour": "12:00",
                    "date": "14/4/2025"
                },
                {
                    "order_id": 3,
                    "building": "A5",
                    "room": "102",
                    "weight": 1.72,
                    "hour": "12:00",
                    "date": "14/4/2025"
                },
                {
                    "order_id": 4,
                    "building": "A1",
                    "room": "302",
                    "weight": 1.69,
                    "hour": "12:00",
                    "date": "14/4/2025"
                },
                {
                    "order_id": 5,
                    "building": "A1",
                    "room": "301",
                    "weight": 1.55,
                    "hour": "12:00",
                    "date": "14/4/2025"
                },
                {
                    "order_id": 6,
                    "building": "A15",
                    "room": "204",
                    "weight": 0.59,
                    "hour": "12:00",
                    "date": "14/4/2025"
                },
                {
                    "order_id": 7,
                    "building": "A7",
                    "room": "402",
                    "weight": 1.72,
                    "hour": "12:00",
                    "date": "14/4/2025"
                },
                {
                    "order_id": 8,
                    "building": "A18",
                    "room": "202",
                    "weight": 0.44,
                    "hour": "12:00",
                    "date": "14/4/2025"
                },
                {
                    "order_id": 9,
                    "building": "A19",
                    "room": "302",
                    "weight": 1.4,
                    "hour": "12:00",
                    "date": "14/4/2025"
                },
                {
                    "order_id": 10,
                    "building": "A11",
                    "room": "302",
                    "weight": 0.46,
                    "hour": "12:00",
                    "date": "14/4/2025"
                }
            ]
        }
    }
}