{
    "A": {
        "14/4/2025": {
            "11:00 - 12:45": [
                {
                    "order_id": 1,
                    "building": "A17",
                    "room": "303",
                    "weight": 0.83,
                    "hour": "12:00",
                    "date": "14/4/2025"
                },
                {
                    "order_id": 2,
                    "building": "A11",
                    "room": "201",
                    "weight": 4.4,
                    "hour": "12:00",
                    "date": "14/4/2025"
                },
                {
                    "order_id": 3,
                    "building": "A16",
                    "room": "103",
                    "weight": 0.84,
                    "hour": "12:00",
                    "date": "14/4/2025"
                },
                {
                    "order_id": 4,
                    "building": "A7",
                    "room": "401",
                    "weight": 4.76,
                    "hour": "12:00",
                    "date": "14/4/2025"
                },
                {
                    "order_id": 5,
                    "building": "A17",
                    "room": "402",
                    "weight": 4.79,
                    "hour": "12:00",
                    "date": "14/4/2025"
                },
                {
                    "order_id": 6,
                    "building": "A1",
                    "room": "203",
                    "weight": 3.93,
                    "hour": "12:00",
                    "date": "14/4/2025"
                },
                {
                    "order_id": 7,
                    "building": "A16",
                    "room": "403",
                    "weight": 0.5,
                    "hour": "12:00",
                    "date": "14/4/2025"
                },
                {
                    "order_id": 8,
                    "building": "A4",
                    "room": "401",
                    "weight": 3.74,
                    "hour": "12:00",
                    "date": "14/4/2025"
                },
                {
                    "order_id": 9,
                    "building": "A16",
                    "room": "201",
                    "weight": 1.73,
                    "hour": "12:00",
                    "date": "14/4/2025"
                }
            ]
        }
    }
}