{
    "A": {
        "14/4/2025": {
            "11:00 - 12:45": [
                {
                    "order_id": 1,
                    "building": "A1",
                    "room": "402",
                    "weight": 1.83,
                    "hour": "12:00",
                    "date": "14/4/2025"
                },
                {
                    "order_id": 2,
                    "building": "A5",
                    "room": "204",
                    "weight": 1.39,
                    "hour": "12:00",
                    "date": "14/4/2025"
                },
                {
                    "order_id": 3,
                    "building": "A10",
                    "room": "401",
                    "weight": 3.98,
                    "hour": "12:00",
                    "date": "14/4/2025"
                },
                {
                    "order_id": 4,
                    "building": "A12",
                    "room": "104",
                    "weight": 0.5,
                    "hour": "12:00",
                    "date": "14/4/2025"
                },
                {
                    "order_id": 5,
                    "building": "AH1",
                    "room": "301",
                    "weight": 1.19,
                    "hour": "12:00",
                    "date": "14/4/2025"
                },
                {
                    "order_id": 6,
                    "building": "A6",
                    "room": "102",
                    "weight": 1.6,
                    "hour": "12:00",
                    "date": "14/4/2025"
                },
                {
                    "order_id": 7,
                    "building": "A11",
                    "room": "103",
                    "weight": 0.34,
                    "hour": "12:00",
                    "date": "14/4/2025"
                },
                {
                    "order_id": 8,
                    "building": "A9",
                    "room": "203",
                    "weight": 1.82,
                    "hour": "12:00",
                    "date": "14/4/2025"
                },
                {
                    "order_id": 9,
                    "building": "A16",
                    "room": "101",
                    "weight": 2.65,
                    "hour": "12:00",
                    "date": "14/4/2025"
                },
                {
                    "order_id": 10,
                    "building": "A9",
                    "room": "304",
                    "weight": 0.88,
                    "hour": "12:00",
                    "date": "14/4/2025"
                },
                {
                    "order_id": 11,
                    "building": "AG4",
                    "room": "403",
                    "weight": 0.36,
                    "hour": "12:00",
                    "date": "14/4/2025"
                },
                {
                    "order_id": 12,
                    "building": "A15",
                    "room": "302",
                    "weight": 0.5,
                    "hour": "12:00",
                    "date": "14/4/2025"
                }
            ]
        }
    }
}