{
    "A": {
        "14/4/2025": {
            "11:00 - 12:45": [
                {
                    "order_id": 1,
                    "building": "A7",
                    "room": "303",
                    "weight": 1.13,
                    "hour": "12:00",
                    "date": "14/4/2025"
                },
                {
                    "order_id": 2,
                    "building": "AH1",
                    "room": "404",
                    "weight": 0.61,
                    "hour": "12:00",
                    "date": "14/4/2025"
                },
                {
                    "order_id": 3,
                    "building": "A14",
                    "room": "302",
                    "weight": 0.77,
                    "hour": "12:00",
                    "date": "14/4/2025"
                },
                {
                    "order_id": 4,
                    "building": "A1",
                    "room": "103",
                    "weight": 0.85,
                    "hour": "12:00",
                    "date": "14/4/2025"
                },
                {
                    "order_id": 5,
                    "building": "A5",
                    "room": "203",
                    "weight": 0.56,
                    "hour": "12:00",
                    "date": "14/4/2025"
                }
            ]
        }
    }
}