{
    "A": {
        "14/4/2025": {
            "11:00 - 12:45": [
                {
                    "order_id": 1,
                    "building": "A17",
                    "room": "301",
                    "weight": 1.9,
                    "hour": "12:00",
                    "date": "14/4/2025"
                },
                {
                    "order_id": 2,
                    "building": "A12",
                    "room": "402",
                    "weight": 1.9,
                    "hour": "12:00",
                    "date": "14/4/2025"
                },
                {
                    "order_id": 3,
                    "building": "A6",
                    "room": "203",
                    "weight": 0.82,
                    "hour": "12:00",
                    "date": "14/4/2025"
                },
                {
                    "order_id": 4,
                    "building": "A5",
                    "room": "101",
                    "weight": 1.53,
                    "hour": "12:00",
                    "date": "14/4/2025"
                }
            ]
        }
    }
}