{
    "A": {
        "14/4/2025": {
            "11:00 - 12:45": [
                {
                    "order_id": 1,
                    "building": "A4",
                    "room": "104",
                    "weight": 4.15,
                    "hour": "12:00",
                    "date": "14/4/2025"
                },
                {
                    "order_id": 2,
                    "building": "A8",
                    "room": "402",
                    "weight": 0.75,
                    "hour": "12:00",
                    "date": "14/4/2025"
                },
                {
                    "order_id": 3,
                    "building": "A16",
                    "room": "203",
                    "weight": 1.57,
                    "hour": "12:00",
                    "date": "14/4/2025"
                },
                {
                    "order_id": 4,
                    "building": "A5",
                    "room": "104",
                    "weight": 1.07,
                    "hour": "12:00",
                    "date": "14/4/2025"
                },
                {
                    "order_id": 5,
                    "building": "A9",
                    "room": "402",
                    "weight": 1.31,
                    "hour": "12:00",
                    "date": "14/4/2025"
                },
                {
                    "order_id": 6,
                    "building": "AH2",
                    "room": "302",
                    "weight": 0.56,
                    "hour": "12:00",
                    "date": "14/4/2025"
                },
                {
                    "order_id": 7,
                    "building": "A20",
                    "room": "202",
                    "weight": 0.66,
                    "hour": "12:00",
                    "date": "14/4/2025"
                },
                {
                    "order_id": 8,
                    "building": "AH2",
                    "room": "102",
                    "weight": 1.05,
                    "hour": "12:00",
                    "date": "14/4/2025"
                },
                {
                    "order_id": 9,
                    "building": "A2",
                    "room": "302",
                    "weight": 1.07,
                    "hour": "12:00",
                    "date": "14/4/2025"
                },
                {
                    "order_id": 10,
                    "building": "A16",
                    "room": "101",
                    "weight": 3.94,
                    "hour": "12:00",
                    "date": "14/4/2025"
                },
                {
                    "order_id": 11,
                    "building": "AG4",
                    "room": "104",
                    "weight": 1.34,
                    "hour": "12:00",
                    "date": "14/4/2025"
                },
                {
                    "order_id": 12,
                    "building": "A12",
                    "room": "302",
                    "weight": 0.37,
                    "hour": "12:00",
                    "date": "14/4/2025"
                }
            ]
        }
    }
}