{
    "A": {
        "14/4/2025": {
            "11:00 - 12:45": [
                {
                    "order_id": 1,
                    "building": "A7",
                    "room": "303",
                    "weight": 0.62,
                    "hour": "12:00",
                    "date": "14/4/2025"
                },
                {
                    "order_id": 2,
                    "building": "A18",
                    "room": "303",
                    "weight": 0.36,
                    "hour": "12:00",
                    "date": "14/4/2025"
                }
            ]
        }
    }
}