{
    "A": {
        "14/4/2025": {
            "11:00 - 12:45": [
                {
                    "order_id": 1,
                    "building": "A8",
                    "room": "302",
                    "weight": 0.48,
                    "hour": "12:00",
                    "date": "14/4/2025"
                },
                {
                    "order_id": 2,
                    "building": "AG4",
                    "room": "301",
                    "weight": 2.44,
                    "hour": "12:00",
                    "date": "14/4/2025"
                },
                {
                    "order_id": 3,
                    "building": "A13",
                    "room": "304",
                    "weight": 3.82,
                    "hour": "12:00",
                    "date": "14/4/2025"
                }
            ]
        }
    }
}