{
    "A": {
        "14/4/2025": {
            "11:00 - 12:45": [
                {
                    "order_id": 1,
                    "building": "A13",
                    "room": "304",
                    "weight": 0.55,
                    "hour": "12:00",
                    "date": "14/4/2025"
                },
                {
                    "order_id": 2,
                    "building": "A12",
                    "room": "301",
                    "weight": 1.26,
                    "hour": "12:00",
                    "date": "14/4/2025"
                },
                {
                    "order_id": 3,
                    "building": "A4",
                    "room": "103",
                    "weight": 1.53,
                    "hour": "12:00",
                    "date": "14/4/2025"
                },
                {
                    "order_id": 4,
                    "building": "A10",
                    "room": "104",
                    "weight": 2.8,
                    "hour": "12:00",
                    "date": "14/4/2025"
                },
                {
                    "order_id": 5,
                    "building": "A16",
                    "room": "304",
                    "weight": 2.0,
                    "hour": "12:00",
                    "date": "14/4/2025"
                },
                {
                    "order_id": 6,
                    "building": "A8",
                    "room": "102",
                    "weight": 1.81,
                    "hour": "12:00",
                    "date": "14/4/2025"
                },
                {
                    "order_id": 7,
                    "building": "A10",
                    "room": "402",
                    "weight": 0.55,
                    "hour": "12:00",
                    "date": "14/4/2025"
                },
                {
                    "order_id": 8,
                    "building": "AH2",
                    "room": "104",
                    "weight": 0.41,
                    "hour": "12:00",
                    "date": "14/4/2025"
                }
            ]
        }
    }
}