{
    "A": {
        "14/4/2025": {
            "11:00 - 12:45": [
                {
                    "order_id": 1,
                    "building": "A10",
                    "room": "401",
                    "weight": 0.99,
                    "hour": "12:00",
                    "date": "14/4/2025"
                },
                {
                    "order_id": 2,
                    "building": "A15",
                    "room": "204",
                    "weight": 1.96,
                    "hour": "12:00",
                    "date": "14/4/2025"
                },
                {
                    "order_id": 3,
                    "building": "A8",
                    "room": "203",
                    "weight": 1.13,
                    "hour": "12:00",
                    "date": "14/4/2025"
                },
                {
                    "order_id": 4,
                    "building": "A16",
                    "room": "201",
                    "weight": 4.35,
                    "hour": "12:00",
                    "date": "14/4/2025"
                }
            ]
        }
    }
}