{
    "A": {
        "14/4/2025": {
            "11:00 - 12:45": [
                {
                    "order_id": 1,
                    "building": "A16",
                    "room": "203",
                    "weight": 1.11,
                    "hour": "12:00",
                    "date": "14/4/2025"
                },
                {
                    "order_id": 2,
                    "building": "A3",
                    "room": "301",
                    "weight": 0.36,
                    "hour": "12:00",
                    "date": "14/4/2025"
                },
                {
                    "order_id": 3,
                    "building": "A10",
                    "room": "204",
                    "weight": 1.42,
                    "hour": "12:00",
                    "date": "14/4/2025"
                },
                {
                    "order_id": 4,
                    "building": "A7",
                    "room": "402",
                    "weight": 2.23,
                    "hour": "12:00",
                    "date": "14/4/2025"
                },
                {
                    "order_id": 5,
                    "building": "A3",
                    "room": "101",
                    "weight": 1.16,
                    "hour": "12:00",
                    "date": "14/4/2025"
                },
                {
                    "order_id": 6,
                    "building": "A16",
                    "room": "401",
                    "weight": 1.36,
                    "hour": "12:00",
                    "date": "14/4/2025"
                }
            ]
        }
    }
}