{
    "A": {
        "14/4/2025": {
            "11:00 - 12:45": [
                {
                    "order_id": 1,
                    "building": "A2",
                    "room": "403",
                    "weight": 0.28,
                    "hour": "12:00",
                    "date": "14/4/2025"
                },
                {
                    "order_id": 2,
                    "building": "A12",
                    "room": "102",
                    "weight": 2.8,
                    "hour": "12:00",
                    "date": "14/4/2025"
                },
                {
                    "order_id": 3,
                    "building": "A2",
                    "room": "403",
                    "weight": 0.7,
                    "hour": "12:00",
                    "date": "14/4/2025"
                }
            ]
        }
    }
}