{
    "A": {
        "14/4/2025": {
            "11:00 - 12:45": [
                {
                    "order_id": 1,
                    "building": "A18",
                    "room": "201",
                    "weight": 1.54,
                    "hour": "12:00",
                    "date": "14/4/2025"
                },
                {
                    "order_id": 2,
                    "building": "A6",
                    "room": "203",
                    "weight": 0.77,
                    "hour": "12:00",
                    "date": "14/4/2025"
                },
                {
                    "order_id": 3,
                    "building": "A19",
                    "room": "204",
                    "weight": 1.61,
                    "hour": "12:00",
                    "date": "14/4/2025"
                },
                {
                    "order_id": 4,
                    "building": "A4",
                    "room": "102",
                    "weight": 0.65,
                    "hour": "12:00",
                    "date": "14/4/2025"
                },
                {
                    "order_id": 5,
                    "building": "A15",
                    "room": "202",
                    "weight": 0.68,
                    "hour": "12:00",
                    "date": "14/4/2025"
                },
                {
                    "order_id": 6,
                    "building": "A6",
                    "room": "304",
                    "weight": 0.8,
                    "hour": "12:00",
                    "date": "14/4/2025"
                }
            ]
        }
    }
}