{
    "A": {
        "14/4/2025": {
            "11:00 - 12:45": [
                {
                    "order_id": 1,
                    "building": "A1",
                    "room": "402",
                    "weight": 1.15,
                    "hour": "12:00",
                    "date": "14/4/2025"
                },
                {
                    "order_id": 2,
                    "building": "AH1",
                    "room": "201",
                    "weight": 1.36,
                    "hour": "12:00",
                    "date": "14/4/2025"
                }
            ]
        }
    }
}