{
    "A": {
        "14/4/2025": {
            "11:00 - 12:45": [
                {
                    "order_id": 1,
                    "building": "A11",
                    "room": "201",
                    "weight": 1.11,
                    "hour": "12:00",
                    "date": "14/4/2025"
                },
                {
                    "order_id": 2,
                    "building": "A16",
                    "room": "102",
                    "weight": 1.54,
                    "hour": "12:00",
                    "date": "14/4/2025"
                },
                {
                    "order_id": 3,
                    "building": "A5",
                    "room": "104",
                    "weight": 1.07,
                    "hour": "12:00",
                    "date": "14/4/2025"
                },
                {
                    "order_id": 4,
                    "building": "A3",
                    "room": "301",
                    "weight": 1.33,
                    "hour": "12:00",
                    "date": "14/4/2025"
                },
                {
                    "order_id": 5,
                    "building": "A4",
                    "room": "303",
                    "weight": 0.24,
                    "hour": "12:00",
                    "date": "14/4/2025"
                },
                {
                    "order_id": 6,
                    "building": "A16",
                    "room": "402",
                    "weight": 3.03,
                    "hour": "12:00",
                    "date": "14/4/2025"
                },
                {
                    "order_id": 7,
                    "building": "A8",
                    "room": "204",
                    "weight": 1.92,
                    "hour": "12:00",
                    "date": "14/4/2025"
                },
                {
                    "order_id": 8,
                    "building": "A7",
                    "room": "303",
                    "weight": 2.68,
                    "hour": "12:00",
                    "date": "14/4/2025"
                },
                {
                    "order_id": 9,
                    "building": "AG4",
                    "room": "103",
                    "weight": 0.14,
                    "hour": "12:00",
                    "date": "14/4/2025"
                },
                {
                    "order_id": 10,
                    "building": "A13",
                    "room": "104",
                    "weight": 0.61,
                    "hour": "12:00",
                    "date": "14/4/2025"
                }
            ]
        }
    }
}