{
    "A": {
        "14/4/2025": {
            "11:00 - 12:45": [
                {
                    "order_id": 1,
                    "building": "A13",
                    "room": "201",
                    "weight": 0.51,
                    "hour": "12:00",
                    "date": "14/4/2025"
                },
                {
                    "order_id": 2,
                    "building": "A7",
                    "room": "303",
                    "weight": 0.91,
                    "hour": "12:00",
                    "date": "14/4/2025"
                },
                {
                    "order_id": 3,
                    "building": "A14",
                    "room": "202",
                    "weight": 3.12,
                    "hour": "12:00",
                    "date": "14/4/2025"
                },
                {
                    "order_id": 4,
                    "building": "A14",
                    "room": "303",
                    "weight": 4.26,
                    "hour": "12:00",
                    "date": "14/4/2025"
                },
                {
                    "order_id": 5,
                    "building": "AG4",
                    "room": "403",
                    "weight": 4.79,
                    "hour": "12:00",
                    "date": "14/4/2025"
                },
                {
                    "order_id": 6,
                    "building": "A7",
                    "room": "303",
                    "weight": 1.17,
                    "hour": "12:00",
                    "date": "14/4/2025"
                },
                {
                    "order_id": 7,
                    "building": "AH2",
                    "room": "203",
                    "weight": 1.43,
                    "hour": "12:00",
                    "date": "14/4/2025"
                },
                {
                    "order_id": 8,
                    "building": "A17",
                    "room": "104",
                    "weight": 1.55,
                    "hour": "12:00",
                    "date": "14/4/2025"
                },
                {
                    "order_id": 9,
                    "building": "A19",
                    "room": "303",
                    "weight": 0.46,
                    "hour": "12:00",
                    "date": "14/4/2025"
                },
                {
                    "order_id": 10,
                    "building": "A13",
                    "room": "401",
                    "weight": 2.47,
                    "hour": "12:00",
                    "date": "14/4/2025"
                },
                {
                    "order_id": 11,
                    "building": "A1",
                    "room": "301",
                    "weight": 2.47,
                    "hour": "12:00",
                    "date": "14/4/2025"
                },
                {
                    "order_id": 12,
                    "building": "A9",
                    "room": "401",
                    "weight": 2.3,
                    "hour": "12:00",
                    "date": "14/4/2025"
                }
            ]
        }
    }
}