{
    "A": {
        "14/4/2025": {
            "11:00 - 12:45": [
                {
                    "order_id": 1,
                    "building": "A4",
                    "room": "304",
                    "weight": 1.14,
                    "hour": "12:00",
                    "date": "14/4/2025"
                },
                {
                    "order_id": 2,
                    "building": "AG4",
                    "room": "103",
                    "weight": 0.39,
                    "hour": "12:00",
                    "date": "14/4/2025"
                },
                {
                    "order_id": 3,
                    "building": "A1",
                    "room": "102",
                    "weight": 1.31,
                    "hour": "12:00",
                    "date": "14/4/2025"
                },
                {
                    "order_id": 4,
                    "building": "A13",
                    "room": "302",
                    "weight": 0.11,
                    "hour": "12:00",
                    "date": "14/4/2025"
                },
                {
                    "order_id": 5,
                    "building": "A19",
                    "room": "202",
                    "weight": 0.45,
                    "hour": "12:00",
                    "date": "14/4/2025"
                },
                {
                    "order_id": 6,
                    "building": "A10",
                    "room": "401",
                    "weight": 1.04,
                    "hour": "12:00",
                    "date": "14/4/2025"
                },
                {
                    "order_id": 7,
                    "building": "A9",
                    "room": "303",
                    "weight": 4.46,
                    "hour": "12:00",
                    "date": "14/4/2025"
                }
            ]
        }
    }
}