{
    "A": {
        "14/4/2025": {
            "11:00 - 12:45": [
                {
                    "order_id": 1,
                    "building": "A9",
                    "room": "303",
                    "weight": 1.18,
                    "hour": "12:00",
                    "date": "14/4/2025"
                },
                {
                    "order_id": 2,
                    "building": "A15",
                    "room": "304",
                    "weight": 0.14,
                    "hour": "12:00",
                    "date": "14/4/2025"
                },
                {
                    "order_id": 3,
                    "building": "A4",
                    "room": "303",
                    "weight": 1.56,
                    "hour": "12:00",
                    "date": "14/4/2025"
                },
                {
                    "order_id": 4,
                    "building": "A16",
                    "room": "103",
                    "weight": 1.34,
                    "hour": "12:00",
                    "date": "14/4/2025"
                },
                {
                    "order_id": 5,
                    "building": "A8",
                    "room": "201",
                    "weight": 4.26,
                    "hour": "12:00",
                    "date": "14/4/2025"
                },
                {
                    "order_id": 6,
                    "building": "A19",
                    "room": "301",
                    "weight": 1.91,
                    "hour": "12:00",
                    "date": "14/4/2025"
                },
                {
                    "order_id": 7,
                    "building": "AG4",
                    "room": "201",
                    "weight": 1.9,
                    "hour": "12:00",
                    "date": "14/4/2025"
                },
                {
                    "order_id": 8,
                    "building": "A4",
                    "room": "404",
                    "weight": 1.56,
                    "hour": "12:00",
                    "date": "14/4/2025"
                }
            ]
        }
    }
}