{
    "A": {
        "14/4/2025": {
            "11:00 - 12:45": [
                {
                    "order_id": 1,
                    "building": "A20",
                    "room": "103",
                    "weight": 0.49,
                    "hour": "12:00",
                    "date": "14/4/2025"
                },
                {
                    "order_id": 2,
                    "building": "A20",
                    "room": "201",
                    "weight": 1.9,
                    "hour": "12:00",
                    "date": "14/4/2025"
                },
                {
                    "order_id": 3,
                    "building": "A3",
                    "room": "303",
                    "weight": 1.85,
                    "hour": "12:00",
                    "date": "14/4/2025"
                },
                {
                    "order_id": 4,
                    "building": "AH1",
                    "room": "302",
                    "weight": 1.91,
                    "hour": "12:00",
                    "date": "14/4/2025"
                },
                {
                    "order_id": 5,
                    "building": "A18",
                    "room": "203",
                    "weight": 0.9,
                    "hour": "12:00",
                    "date": "14/4/2025"
                },
                {
                    "order_id": 6,
                    "building": "A9",
                    "room": "402",
                    "weight": 1.33,
                    "hour": "12:00",
                    "date": "14/4/2025"
                },
                {
                    "order_id": 7,
                    "building": "A3",
                    "room": "404",
                    "weight": 0.33,
                    "hour": "12:00",
                    "date": "14/4/2025"
                },
                {
                    "order_id": 8,
                    "building": "A10",
                    "room": "202",
                    "weight": 0.59,
                    "hour": "12:00",
                    "date": "14/4/2025"
                },
                {
                    "order_id": 9,
                    "building": "A8",
                    "room": "104",
                    "weight": 1.85,
                    "hour": "12:00",
                    "date": "14/4/2025"
                },
                {
                    "order_id": 10,
                    "building": "A3",
                    "room": "301",
                    "weight": 0.11,
                    "hour": "12:00",
                    "date": "14/4/2025"
                }
            ]
        }
    }
}