{
    "A": {
        "14/4/2025": {
            "11:00 - 12:45": [
                {
                    "order_id": 1,
                    "building": "AH2",
                    "room": "204",
                    "weight": 0.91,
                    "hour": "12:00",
                    "date": "14/4/2025"
                },
                {
                    "order_id": 2,
                    "building": "A17",
                    "room": "102",
                    "weight": 3.26,
                    "hour": "12:00",
                    "date": "14/4/2025"
                },
                {
                    "order_id": 3,
                    "building": "A10",
                    "room": "101",
                    "weight": 1.98,
                    "hour": "12:00",
                    "date": "14/4/2025"
                },
                {
                    "order_id": 4,
                    "building": "A20",
                    "room": "202",
                    "weight": 1.85,
                    "hour": "12:00",
                    "date": "14/4/2025"
                },
                {
                    "order_id": 5,
                    "building": "A13",
                    "room": "201",
                    "weight": 0.27,
                    "hour": "12:00",
                    "date": "14/4/2025"
                },
                {
                    "order_id": 6,
                    "building": "A6",
                    "room": "201",
                    "weight": 0.45,
                    "hour": "12:00",
                    "date": "14/4/2025"
                },
                {
                    "order_id": 7,
                    "building": "A9",
                    "room": "101",
                    "weight": 1.11,
                    "hour": "12:00",
                    "date": "14/4/2025"
                },
                {
                    "order_id": 8,
                    "building": "A8",
                    "room": "303",
                    "weight": 1.39,
                    "hour": "12:00",
                    "date": "14/4/2025"
                },
                {
                    "order_id": 9,
                    "building": "A1",
                    "room": "202",
                    "weight": 1.96,
                    "hour": "12:00",
                    "date": "14/4/2025"
                },
                {
                    "order_id": 10,
                    "building": "A19",
                    "room": "103",
                    "weight": 0.16,
                    "hour": "12:00",
                    "date": "14/4/2025"
                },
                {
                    "order_id": 11,
                    "building": "A5",
                    "room": "301",
                    "weight": 2.96,
                    "hour": "12:00",
                    "date": "14/4/2025"
                },
                {
                    "order_id": 12,
                    "building": "A15",
                    "room": "102",
                    "weight": 0.51,
                    "hour": "12:00",
                    "date": "14/4/2025"
                },
                {
                    "order_id": 13,
                    "building": "A19",
                    "room": "401",
                    "weight": 1.66,
                    "hour": "12:00",
                    "date": "14/4/2025"
                },
                {
                    "order_id": 14,
                    "building": "A1",
                    "room": "201",
                    "weight": 0.35,
                    "hour": "12:00",
                    "date": "14/4/2025"
                },
                {
                    "order_id": 15,
                    "building": "A6",
                    "room": "103",
                    "weight": 1.29,
                    "hour": "12:00",
                    "date": "14/4/2025"
                },
                {
                    "order_id": 16,
                    "building": "A13",
                    "room": "203",
                    "weight": 0.76,
                    "hour": "12:00",
                    "date": "14/4/2025"
                },
                {
                    "order_id": 17,
                    "building": "A13",
                    "room": "403",
                    "weight": 0.19,
                    "hour": "12:00",
                    "date": "14/4/2025"
                },
                {
                    "order_id": 18,
                    "building": "A9",
                    "room": "403",
                    "weight": 1.98,
                    "hour": "12:00",
                    "date": "14/4/2025"
                },
                {
                    "order_id": 19,
                    "building": "A4",
                    "room": "404",
                    "weight": 0.7,
                    "hour": "12:00",
                    "date": "14/4/2025"
                },
                {
                    "order_id": 20,
                    "building": "A7",
                    "room": "101",
                    "weight": 0.41,
                    "hour": "12:00",
                    "date": "14/4/2025"
                },
                {
                    "order_id": 21,
                    "building": "A6",
                    "room": "101",
                    "weight": 0.53,
                    "hour": "12:00",
                    "date": "14/4/2025"
                },
                {
                    "order_id": 22,
                    "building": "A20",
                    "room": "201",
                    "weight": 2.13,
                    "hour": "12:00",
                    "date": "14/4/2025"
                },
                {
                    "order_id": 23,
                    "building": "A20",
                    "room": "101",
                    "weight": 3.0,
                    "hour": "12:00",
                    "date": "14/4/2025"
                },
                {
                    "order_id": 24,
                    "building": "AG3",
                    "room": "402",
                    "weight": 1.75,
                    "hour": "12:00",
                    "date": "14/4/2025"
                },
                {
                    "order_id": 25,
                    "building": "A5",
                    "room": "203",
                    "weight": 2.18,
                    "hour": "12:00",
                    "date": "14/4/2025"
                },
                {
                    "order_id": 26,
                    "building": "A18",
                    "room": "301",
                    "weight": 0.86,
                    "hour": "12:00",
                    "date": "14/4/2025"
                },
                {
                    "order_id": 27,
                    "building": "A9",
                    "room": "102",
                    "weight": 1.51,
                    "hour": "12:00",
                    "date": "14/4/2025"
                },
                {
                    "order_id": 28,
                    "building": "A16",
                    "room": "403",
                    "weight": 3.34,
                    "hour": "12:00",
                    "date": "14/4/2025"
                },
                {
                    "order_id": 29,
                    "building": "A8",
                    "room": "402",
                    "weight": 2.98,
                    "hour": "12:00",
                    "date": "14/4/2025"
                },
                {
                    "order_id": 30,
                    "building": "A19",
                    "room": "204",
                    "weight": 2.18,
                    "hour": "12:00",
                    "date": "14/4/2025"
                },
                {
                    "order_id": 31,
                    "building": "A17",
                    "room": "301",
                    "weight": 1.73,
                    "hour": "12:00",
                    "date": "14/4/2025"
                },
                {
                    "order_id": 32,
                    "building": "A1",
                    "room": "304",
                    "weight": 0.5,
                    "hour": "12:00",
                    "date": "14/4/2025"
                },
                {
                    "order_id": 33,
                    "building": "A7",
                    "room": "304",
                    "weight": 4.07,
                    "hour": "12:00",
                    "date": "14/4/2025"
                },
                {
                    "order_id": 34,
                    "building": "A5",
                    "room": "402",
                    "weight": 0.34,
                    "hour": "12:00",
                    "date": "14/4/2025"
                },
                {
                    "order_id": 35,
                    "building": "A18",
                    "room": "104",
                    "weight": 1.39,
                    "hour": "12:00",
                    "date": "14/4/2025"
                },
                {
                    "order_id": 36,
                    "building": "AG3",
                    "room": "401",
                    "weight": 1.57,
                    "hour": "12:00",
                    "date": "14/4/2025"
                },
                {
                    "order_id": 37,
                    "building": "A3",
                    "room": "204",
                    "weight": 1.22,
                    "hour": "12:00",
                    "date": "14/4/2025"
                },
                {
                    "order_id": 38,
                    "building": "A15",
                    "room": "104",
                    "weight": 1.15,
                    "hour": "12:00",
                    "date": "14/4/2025"
                },
                {
                    "order_id": 39,
                    "building": "AH2",
                    "room": "103",
                    "weight": 1.19,
                    "hour": "12:00",
                    "date": "14/4/2025"
                },
                {
                    "order_id": 40,
                    "building": "AH1",
                    "room": "403",
                    "weight": 2.52,
                    "hour": "12:00",
                    "date": "14/4/2025"
                },
                {
                    "order_id": 41,
                    "building": "A10",
                    "room": "301",
                    "weight": 1.19,
                    "hour": "12:00",
                    "date": "14/4/2025"
                },
                {
                    "order_id": 42,
                    "building": "A6",
                    "room": "103",
                    "weight": 1.37,
                    "hour": "12:00",
                    "date": "14/4/2025"
                },
                {
                    "order_id": 43,
                    "building": "A4",
                    "room": "404",
                    "weight": 1.09,
                    "hour": "12:00",
                    "date": "14/4/2025"
                },
                {
                    "order_id": 44,
                    "building": "A1",
                    "room": "104",
                    "weight": 1.73,
                    "hour": "12:00",
                    "date": "14/4/2025"
                },
                {
                    "order_id": 45,
                    "building": "A9",
                    "room": "201",
                    "weight": 0.34,
                    "hour": "12:00",
                    "date": "14/4/2025"
                },
                {
                    "order_id": 46,
                    "building": "A6",
                    "room": "203",
                    "weight": 4.02,
                    "hour": "12:00",
                    "date": "14/4/2025"
                },
                {
                    "order_id": 47,
                    "building": "A12",
                    "room": "301",
                    "weight": 3.41,
                    "hour": "12:00",
                    "date": "14/4/2025"
                },
                {
                    "order_id": 48,
                    "building": "A13",
                    "room": "202",
                    "weight": 0.96,
                    "hour": "12:00",
                    "date": "14/4/2025"
                },
                {
                    "order_id": 49,
                    "building": "A8",
                    "room": "201",
                    "weight": 1.73,
                    "hour": "12:00",
                    "date": "14/4/2025"
                },
                {
                    "order_id": 50,
                    "building": "AH1",
                    "room": "401",
                    "weight": 1.93,
                    "hour": "12:00",
                    "date": "14/4/2025"
                },
                {
                    "order_id": 51,
                    "building": "A18",
                    "room": "401",
                    "weight": 1.61,
                    "hour": "12:00",
                    "date": "14/4/2025"
                },
                {
                    "order_id": 52,
                    "building": "AG4",
                    "room": "303",
                    "weight": 0.3,
                    "hour": "12:00",
                    "date": "14/4/2025"
                },
                {
                    "order_id": 53,
                    "building": "A10",
                    "room": "401",
                    "weight": 3.07,
                    "hour": "12:00",
                    "date": "14/4/2025"
                },
                {
                    "order_id": 54,
                    "building": "A20",
                    "room": "203",
                    "weight": 2.97,
                    "hour": "12:00",
                    "date": "14/4/2025"
                },
                {
                    "order_id": 55,
                    "building": "A2",
                    "room": "204",
                    "weight": 1.96,
                    "hour": "12:00",
                    "date": "14/4/2025"
                },
                {
                    "order_id": 56,
                    "building": "A8",
                    "room": "103",
                    "weight": 0.54,
                    "hour": "12:00",
                    "date": "14/4/2025"
                },
                {
                    "order_id": 57,
                    "building": "A7",
                    "room": "302",
                    "weight": 0.74,
                    "hour": "12:00",
                    "date": "14/4/2025"
                },
                {
                    "order_id": 58,
                    "building": "A16",
                    "room": "402",
                    "weight": 4.0,
                    "hour": "12:00",
                    "date": "14/4/2025"
                },
                {
                    "order_id": 59,
                    "building": "A14",
                    "room": "303",
                    "weight": 2.69,
                    "hour": "12:00",
                    "date": "14/4/2025"
                },
                {
                    "order_id": 60,
                    "building": "A15",
                    "room": "403",
                    "weight": 1.79,
                    "hour": "12:00",
                    "date": "14/4/2025"
                },
                {
                    "order_id": 61,
                    "building": "AG3",
                    "room": "202",
                    "weight": 1.98,
                    "hour": "12:00",
                    "date": "14/4/2025"
                },
                {
                    "order_id": 62,
                    "building": "AH1",
                    "room": "404",
                    "weight": 1.89,
                    "hour": "12:00",
                    "date": "14/4/2025"
                },
                {
                    "order_id": 63,
                    "building": "A11",
                    "room": "101",
                    "weight": 0.39,
                    "hour": "12:00",
                    "date": "14/4/2025"
                },
                {
                    "order_id": 64,
                    "building": "A1",
                    "room": "402",
                    "weight": 0.3,
                    "hour": "12:00",
                    "date": "14/4/2025"
                },
                {
                    "order_id": 65,
                    "building": "A13",
                    "room": "204",
                    "weight": 0.29,
                    "hour": "12:00",
                    "date": "14/4/2025"
                },
                {
                    "order_id": 66,
                    "building": "A15",
                    "room": "304",
                    "weight": 1.29,
                    "hour": "12:00",
                    "date": "14/4/2025"
                },
                {
                    "order_id": 67,
                    "building": "A20",
                    "room": "304",
                    "weight": 3.23,
                    "hour": "12:00",
                    "date": "14/4/2025"
                },
                {
                    "order_id": 68,
                    "building": "AH2",
                    "room": "102",
                    "weight": 0.91,
                    "hour": "12:00",
                    "date": "14/4/2025"
                },
                {
                    "order_id": 69,
                    "building": "A10",
                    "room": "203",
                    "weight": 0.83,
                    "hour": "12:00",
                    "date": "14/4/2025"
                },
                {
                    "order_id": 70,
                    "building": "A6",
                    "room": "204",
                    "weight": 0.45,
                    "hour": "12:00",
                    "date": "14/4/2025"
                },
                {
                    "order_id": 71,
                    "building": "A5",
                    "room": "104",
                    "weight": 1.45,
                    "hour": "12:00",
                    "date": "14/4/2025"
                },
                {
                    "order_id": 72,
                    "building": "A12",
                    "room": "301",
                    "weight": 1.85,
                    "hour": "12:00",
                    "date": "14/4/2025"
                },
                {
                    "order_id": 73,
                    "building": "A11",
                    "room": "102",
                    "weight": 1.83,
                    "hour": "12:00",
                    "date": "14/4/2025"
                },
                {
                    "order_id": 74,
                    "building": "A2",
                    "room": "204",
                    "weight": 0.29,
                    "hour": "12:00",
                    "date": "14/4/2025"
                },
                {
                    "order_id": 75,
                    "building": "A5",
                    "room": "202",
                    "weight": 3.24,
                    "hour": "12:00",
                    "date": "14/4/2025"
                },
                {
                    "order_id": 76,
                    "building": "AG3",
                    "room": "303",
                    "weight": 1.15,
                    "hour": "12:00",
                    "date": "14/4/2025"
                },
                {
                    "order_id": 77,
                    "building": "A18",
                    "room": "101",
                    "weight": 4.49,
                    "hour": "12:00",
                    "date": "14/4/2025"
                },
                {
                    "order_id": 78,
                    "building": "A9",
                    "room": "102",
                    "weight": 0.12,
                    "hour": "12:00",
                    "date": "14/4/2025"
                },
                {
                    "order_id": 79,
                    "building": "A4",
                    "room": "401",
                    "weight": 3.49,
                    "hour": "12:00",
                    "date": "14/4/2025"
                },
                {
                    "order_id": 80,
                    "building": "A16",
                    "room": "301",
                    "weight": 0.12,
                    "hour": "12:00",
                    "date": "14/4/2025"
                },
                {
                    "order_id": 81,
                    "building": "A9",
                    "room": "404",
                    "weight": 2.12,
                    "hour": "12:00",
                    "date": "14/4/2025"
                },
                {
                    "order_id": 82,
                    "building": "A15",
                    "room": "301",
                    "weight": 0.39,
                    "hour": "12:00",
                    "date": "14/4/2025"
                },
                {
                    "order_id": 83,
                    "building": "A4",
                    "room": "404",
                    "weight": 0.31,
                    "hour": "12:00",
                    "date": "14/4/2025"
                },
                {
                    "order_id": 84,
                    "building": "AG3",
                    "room": "403",
                    "weight": 0.39,
                    "hour": "12:00",
                    "date": "14/4/2025"
                },
                {
                    "order_id": 85,
                    "building": "A3",
                    "room": "303",
                    "weight": 3.23,
                    "hour": "12:00",
                    "date": "14/4/2025"
                },
                {
                    "order_id": 86,
                    "building": "A13",
                    "room": "404",
                    "weight": 0.67,
                    "hour": "12:00",
                    "date": "14/4/2025"
                },
                {
                    "order_id": 87,
                    "building": "A10",
                    "room": "201",
                    "weight": 0.91,
                    "hour": "12:00",
                    "date": "14/4/2025"
                },
                {
                    "order_id": 88,
                    "building": "A11",
                    "room": "101",
                    "weight": 1.81,
                    "hour": "12:00",
                    "date": "14/4/2025"
                },
                {
                    "order_id": 89,
                    "building": "A19",
                    "room": "304",
                    "weight": 3.54,
                    "hour": "12:00",
                    "date": "14/4/2025"
                },
                {
                    "order_id": 90,
                    "building": "A18",
                    "room": "401",
                    "weight": 1.86,
                    "hour": "12:00",
                    "date": "14/4/2025"
                },
                {
                    "order_id": 91,
                    "building": "AH2",
                    "room": "104",
                    "weight": 0.77,
                    "hour": "12:00",
                    "date": "14/4/2025"
                },
                {
                    "order_id": 92,
                    "building": "A5",
                    "room": "103",
                    "weight": 0.34,
                    "hour": "12:00",
                    "date": "14/4/2025"
                },
                {
                    "order_id": 93,
                    "building": "A14",
                    "room": "303",
                    "weight": 1.22,
                    "hour": "12:00",
                    "date": "14/4/2025"
                },
                {
                    "order_id": 94,
                    "building": "A19",
                    "room": "203",
                    "weight": 0.74,
                    "hour": "12:00",
                    "date": "14/4/2025"
                },
                {
                    "order_id": 95,
                    "building": "A5",
                    "room": "104",
                    "weight": 1.42,
                    "hour": "12:00",
                    "date": "14/4/2025"
                },
                {
                    "order_id": 96,
                    "building": "A8",
                    "room": "103",
                    "weight": 1.59,
                    "hour": "12:00",
                    "date": "14/4/2025"
                },
                {
                    "order_id": 97,
                    "building": "A15",
                    "room": "301",
                    "weight": 3.41,
                    "hour": "12:00",
                    "date": "14/4/2025"
                },
                {
                    "order_id": 98,
                    "building": "AH1",
                    "room": "102",
                    "weight": 1.12,
                    "hour": "12:00",
                    "date": "14/4/2025"
                },
                {
                    "order_id": 99,
                    "building": "A11",
                    "room": "301",
                    "weight": 1.37,
                    "hour": "12:00",
                    "date": "14/4/2025"
                },
                {
                    "order_id": 100,
                    "building": "A5",
                    "room": "104",
                    "weight": 0.34,
                    "hour": "12:00",
                    "date": "14/4/2025"
                }
            ]
        }
    }
}