{
    "A": {
        "14/4/2025": {
            "11:00 - 12:45": [
                {
                    "order_id": 1,
                    "building": "A6",
                    "room": "201",
                    "weight": 1.35,
                    "hour": "12:00",
                    "date": "14/4/2025"
                },
                {
                    "order_id": 2,
                    "building": "A6",
                    "room": "101",
                    "weight": 3.59,
                    "hour": "12:00",
                    "date": "14/4/2025"
                },
                {
                    "order_id": 3,
                    "building": "A16",
                    "room": "403",
                    "weight": 1.17,
                    "hour": "12:00",
                    "date": "14/4/2025"
                },
                {
                    "order_id": 4,
                    "building": "A20",
                    "room": "302",
                    "weight": 1.76,
                    "hour": "12:00",
                    "date": "14/4/2025"
                },
                {
                    "order_id": 5,
                    "building": "A20",
                    "room": "402",
                    "weight": 0.2,
                    "hour": "12:00",
                    "date": "14/4/2025"
                },
                {
                    "order_id": 6,
                    "building": "A1",
                    "room": "203",
                    "weight": 1.17,
                    "hour": "12:00",
                    "date": "14/4/2025"
                },
                {
                    "order_id": 7,
                    "building": "AG4",
                    "room": "402",
                    "weight": 1.39,
                    "hour": "12:00",
                    "date": "14/4/2025"
                },
                {
                    "order_id": 8,
                    "building": "AG4",
                    "room": "203",
                    "weight": 0.18,
                    "hour": "12:00",
                    "date": "14/4/2025"
                },
                {
                    "order_id": 9,
                    "building": "A9",
                    "room": "303",
                    "weight": 1.56,
                    "hour": "12:00",
                    "date": "14/4/2025"
                },
                {
                    "order_id": 10,
                    "building": "A12",
                    "room": "301",
                    "weight": 0.44,
                    "hour": "12:00",
                    "date": "14/4/2025"
                }
            ]
        }
    }
}