{
    "A": {
        "14/4/2025": {
            "11:00 - 12:45": [
                {
                    "order_id": 1,
                    "building": "A8",
                    "room": "101",
                    "weight": 0.25,
                    "hour": "12:00",
                    "date": "14/4/2025"
                },
                {
                    "order_id": 2,
                    "building": "A14",
                    "room": "301",
                    "weight": 0.66,
                    "hour": "12:00",
                    "date": "14/4/2025"
                },
                {
                    "order_id": 3,
                    "building": "A11",
                    "room": "404",
                    "weight": 1.46,
                    "hour": "12:00",
                    "date": "14/4/2025"
                },
                {
                    "order_id": 4,
                    "building": "A16",
                    "room": "302",
                    "weight": 1.41,
                    "hour": "12:00",
                    "date": "14/4/2025"
                },
                {
                    "order_id": 5,
                    "building": "A6",
                    "room": "104",
                    "weight": 1.76,
                    "hour": "12:00",
                    "date": "14/4/2025"
                },
                {
                    "order_id": 6,
                    "building": "A11",
                    "room": "301",
                    "weight": 1.63,
                    "hour": "12:00",
                    "date": "14/4/2025"
                },
                {
                    "order_id": 7,
                    "building": "A9",
                    "room": "201",
                    "weight": 2.3,
                    "hour": "12:00",
                    "date": "14/4/2025"
                },
                {
                    "order_id": 8,
                    "building": "A19",
                    "room": "402",
                    "weight": 1.97,
                    "hour": "12:00",
                    "date": "14/4/2025"
                }
            ]
        }
    }
}