{
    "A": {
        "14/4/2025": {
            "11:00 - 12:45": [
                {
                    "order_id": 1,
                    "building": "A8",
                    "room": "104",
                    "weight": 0.71,
                    "hour": "12:00",
                    "date": "14/4/2025"
                },
                {
                    "order_id": 2,
                    "building": "A18",
                    "room": "102",
                    "weight": 0.71,
                    "hour": "12:00",
                    "date": "14/4/2025"
                },
                {
                    "order_id": 3,
                    "building": "A16",
                    "room": "401",
                    "weight": 1.47,
                    "hour": "12:00",
                    "date": "14/4/2025"
                },
                {
                    "order_id": 4,
                    "building": "A2",
                    "room": "402",
                    "weight": 4.0,
                    "hour": "12:00",
                    "date": "14/4/2025"
                }
            ]
        }
    }
}