{
    "A": {
        "14/4/2025": {
            "11:00 - 12:45": [
                {
                    "order_id": 1,
                    "building": "A4",
                    "room": "104",
                    "weight": 0.25,
                    "hour": "12:00",
                    "date": "14/4/2025"
                },
                {
                    "order_id": 2,
                    "building": "A7",
                    "room": "102",
                    "weight": 0.78,
                    "hour": "12:00",
                    "date": "14/4/2025"
                },
                {
                    "order_id": 3,
                    "building": "AG4",
                    "room": "101",
                    "weight": 0.61,
                    "hour": "12:00",
                    "date": "14/4/2025"
                },
                {
                    "order_id": 4,
                    "building": "A1",
                    "room": "203",
                    "weight": 4.75,
                    "hour": "12:00",
                    "date": "14/4/2025"
                },
                {
                    "order_id": 5,
                    "building": "A1",
                    "room": "404",
                    "weight": 0.94,
                    "hour": "12:00",
                    "date": "14/4/2025"
                },
                {
                    "order_id": 6,
                    "building": "A16",
                    "room": "304",
                    "weight": 3.29,
                    "hour": "12:00",
                    "date": "14/4/2025"
                }
            ]
        }
    }
}