{
    "A": {
        "14/4/2025": {
            "11:00 - 12:45": [
                {
                    "order_id": 1,
                    "building": "A11",
                    "room": "402",
                    "weight": 1.93,
                    "hour": "12:00",
                    "date": "14/4/2025"
                },
                {
                    "order_id": 2,
                    "building": "A1",
                    "room": "203",
                    "weight": 1.92,
                    "hour": "12:00",
                    "date": "14/4/2025"
                },
                {
                    "order_id": 3,
                    "building": "A9",
                    "room": "401",
                    "weight": 1.39,
                    "hour": "12:00",
                    "date": "14/4/2025"
                },
                {
                    "order_id": 4,
                    "building": "A14",
                    "room": "401",
                    "weight": 1.04,
                    "hour": "12:00",
                    "date": "14/4/2025"
                },
                {
                    "order_id": 5,
                    "building": "A12",
                    "room": "101",
                    "weight": 1.48,
                    "hour": "12:00",
                    "date": "14/4/2025"
                },
                {
                    "order_id": 6,
                    "building": "A5",
                    "room": "402",
                    "weight": 0.36,
                    "hour": "12:00",
                    "date": "14/4/2025"
                },
                {
                    "order_id": 7,
                    "building": "A16",
                    "room": "202",
                    "weight": 1.84,
                    "hour": "12:00",
                    "date": "14/4/2025"
                }
            ]
        }
    }
}