{
    "A": {
        "14/4/2025": {
            "11:00 - 12:45": [
                {
                    "order_id": 1,
                    "building": "A19",
                    "room": "203",
                    "weight": 0.17,
                    "hour": "12:00",
                    "date": "14/4/2025"
                },
                {
                    "order_id": 2,
                    "building": "A7",
                    "room": "104",
                    "weight": 0.14,
                    "hour": "12:00",
                    "date": "14/4/2025"
                },
                {
                    "order_id": 3,
                    "building": "A20",
                    "room": "101",
                    "weight": 0.58,
                    "hour": "12:00",
                    "date": "14/4/2025"
                },
                {
                    "order_id": 4,
                    "building": "A4",
                    "room": "404",
                    "weight": 1.03,
                    "hour": "12:00",
                    "date": "14/4/2025"
                },
                {
                    "order_id": 5,
                    "building": "A4",
                    "room": "103",
                    "weight": 4.83,
                    "hour": "12:00",
                    "date": "14/4/2025"
                }
            ]
        }
    }
}