{
    "A": {
        "14/4/2025": {
            "11:00 - 12:45": [
                {
                    "order_id": 1,
                    "building": "A15",
                    "room": "301",
                    "weight": 0.93,
                    "hour": "12:00",
                    "date": "14/4/2025"
                },
                {
                    "order_id": 2,
                    "building": "A8",
                    "room": "401",
                    "weight": 2.26,
                    "hour": "12:00",
                    "date": "14/4/2025"
                },
                {
                    "order_id": 3,
                    "building": "A8",
                    "room": "204",
                    "weight": 1.33,
                    "hour": "12:00",
                    "date": "14/4/2025"
                },
                {
                    "order_id": 4,
                    "building": "A2",
                    "room": "301",
                    "weight": 0.37,
                    "hour": "12:00",
                    "date": "14/4/2025"
                }
            ]
        }
    }
}