{
    "A": {
        "14/4/2025": {
            "11:00 - 12:45": [
                {
                    "order_id": 1,
                    "building": "A12",
                    "room": "403",
                    "weight": 1.65,
                    "hour": "12:00",
                    "date": "14/4/2025"
                },
                {
                    "order_id": 2,
                    "building": "A11",
                    "room": "402",
                    "weight": 1.26,
                    "hour": "12:00",
                    "date": "14/4/2025"
                },
                {
                    "order_id": 3,
                    "building": "A18",
                    "room": "401",
                    "weight": 0.32,
                    "hour": "12:00",
                    "date": "14/4/2025"
                },
                {
                    "order_id": 4,
                    "building": "A15",
                    "room": "302",
                    "weight": 1.89,
                    "hour": "12:00",
                    "date": "14/4/2025"
                },
                {
                    "order_id": 5,
                    "building": "A4",
                    "room": "202",
                    "weight": 1.23,
                    "hour": "12:00",
                    "date": "14/4/2025"
                },
                {
                    "order_id": 6,
                    "building": "AH2",
                    "room": "101",
                    "weight": 1.55,
                    "hour": "12:00",
                    "date": "14/4/2025"
                },
                {
                    "order_id": 7,
                    "building": "A8",
                    "room": "401",
                    "weight": 0.12,
                    "hour": "12:00",
                    "date": "14/4/2025"
                },
                {
                    "order_id": 8,
                    "building": "A15",
                    "room": "203",
                    "weight": 4.37,
                    "hour": "12:00",
                    "date": "14/4/2025"
                },
                {
                    "order_id": 9,
                    "building": "A7",
                    "room": "302",
                    "weight": 0.8,
                    "hour": "12:00",
                    "date": "14/4/2025"
                },
                {
                    "order_id": 10,
                    "building": "A12",
                    "room": "301",
                    "weight": 0.97,
                    "hour": "12:00",
                    "date": "14/4/2025"
                },
                {
                    "order_id": 11,
                    "building": "A20",
                    "room": "303",
                    "weight": 3.55,
                    "hour": "12:00",
                    "date": "14/4/2025"
                },
                {
                    "order_id": 12,
                    "building": "AG3",
                    "room": "302",
                    "weight": 2.36,
                    "hour": "12:00",
                    "date": "14/4/2025"
                }
            ]
        }
    }
}