{
    "A": {
        "14/4/2025": {
            "11:00 - 12:45": [
                {
                    "order_id": 1,
                    "building": "A16",
                    "room": "402",
                    "weight": 2.88,
                    "hour": "12:00",
                    "date": "14/4/2025"
                },
                {
                    "order_id": 2,
                    "building": "A13",
                    "room": "203",
                    "weight": 0.59,
                    "hour": "12:00",
                    "date": "14/4/2025"
                },
                {
                    "order_id": 3,
                    "building": "A13",
                    "room": "303",
                    "weight": 1.47,
                    "hour": "12:00",
                    "date": "14/4/2025"
                },
                {
                    "order_id": 4,
                    "building": "A8",
                    "room": "402",
                    "weight": 0.26,
                    "hour": "12:00",
                    "date": "14/4/2025"
                },
                {
                    "order_id": 5,
                    "building": "AH2",
                    "room": "401",
                    "weight": 1.41,
                    "hour": "12:00",
                    "date": "14/4/2025"
                },
                {
                    "order_id": 6,
                    "building": "A2",
                    "room": "404",
                    "weight": 4.28,
                    "hour": "12:00",
                    "date": "14/4/2025"
                },
                {
                    "order_id": 7,
                    "building": "A5",
                    "room": "401",
                    "weight": 4.63,
                    "hour": "12:00",
                    "date": "14/4/2025"
                },
                {
                    "order_id": 8,
                    "building": "A13",
                    "room": "103",
                    "weight": 1.47,
                    "hour": "12:00",
                    "date": "14/4/2025"
                },
                {
                    "order_id": 9,
                    "building": "A18",
                    "room": "402",
                    "weight": 0.38,
                    "hour": "12:00",
                    "date": "14/4/2025"
                },
                {
                    "order_id": 10,
                    "building": "A12",
                    "room": "102",
                    "weight": 0.98,
                    "hour": "12:00",
                    "date": "14/4/2025"
                },
                {
                    "order_id": 11,
                    "building": "A14",
                    "room": "103",
                    "weight": 1.53,
                    "hour": "12:00",
                    "date": "14/4/2025"
                },
                {
                    "order_id": 12,
                    "building": "A12",
                    "room": "201",
                    "weight": 1.9,
                    "hour": "12:00",
                    "date": "14/4/2025"
                },
                {
                    "order_id": 13,
                    "building": "AH2",
                    "room": "401",
                    "weight": 1.53,
                    "hour": "12:00",
                    "date": "14/4/2025"
                },
                {
                    "order_id": 14,
                    "building": "A20",
                    "room": "203",
                    "weight": 0.12,
                    "hour": "12:00",
                    "date": "14/4/2025"
                },
                {
                    "order_id": 15,
                    "building": "A8",
                    "room": "404",
                    "weight": 0.66,
                    "hour": "12:00",
                    "date": "14/4/2025"
                },
                {
                    "order_id": 16,
                    "building": "A19",
                    "room": "203",
                    "weight": 2.96,
                    "hour": "12:00",
                    "date": "14/4/2025"
                },
                {
                    "order_id": 17,
                    "building": "A14",
                    "room": "301",
                    "weight": 1.45,
                    "hour": "12:00",
                    "date": "14/4/2025"
                },
                {
                    "order_id": 18,
                    "building": "A18",
                    "room": "201",
                    "weight": 0.46,
                    "hour": "12:00",
                    "date": "14/4/2025"
                },
                {
                    "order_id": 19,
                    "building": "A5",
                    "room": "302",
                    "weight": 0.35,
                    "hour": "12:00",
                    "date": "14/4/2025"
                },
                {
                    "order_id": 20,
                    "building": "A19",
                    "room": "304",
                    "weight": 0.73,
                    "hour": "12:00",
                    "date": "14/4/2025"
                },
                {
                    "order_id": 21,
                    "building": "A5",
                    "room": "401",
                    "weight": 0.47,
                    "hour": "12:00",
                    "date": "14/4/2025"
                },
                {
                    "order_id": 22,
                    "building": "A18",
                    "room": "101",
                    "weight": 3.25,
                    "hour": "12:00",
                    "date": "14/4/2025"
                },
                {
                    "order_id": 23,
                    "building": "A7",
                    "room": "301",
                    "weight": 0.46,
                    "hour": "12:00",
                    "date": "14/4/2025"
                },
                {
                    "order_id": 24,
                    "building": "A4",
                    "room": "303",
                    "weight": 4.19,
                    "hour": "12:00",
                    "date": "14/4/2025"
                },
                {
                    "order_id": 25,
                    "building": "AG4",
                    "room": "304",
                    "weight": 1.45,
                    "hour": "12:00",
                    "date": "14/4/2025"
                },
                {
                    "order_id": 26,
                    "building": "A16",
                    "room": "403",
                    "weight": 0.12,
                    "hour": "12:00",
                    "date": "14/4/2025"
                },
                {
                    "order_id": 27,
                    "building": "A13",
                    "room": "304",
                    "weight": 1.5,
                    "hour": "12:00",
                    "date": "14/4/2025"
                },
                {
                    "order_id": 28,
                    "building": "A20",
                    "room": "201",
                    "weight": 3.77,
                    "hour": "12:00",
                    "date": "14/4/2025"
                },
                {
                    "order_id": 29,
                    "building": "A15",
                    "room": "202",
                    "weight": 4.76,
                    "hour": "12:00",
                    "date": "14/4/2025"
                },
                {
                    "order_id": 30,
                    "building": "A20",
                    "room": "204",
                    "weight": 0.63,
                    "hour": "12:00",
                    "date": "14/4/2025"
                },
                {
                    "order_id": 31,
                    "building": "A18",
                    "room": "203",
                    "weight": 1.6,
                    "hour": "12:00",
                    "date": "14/4/2025"
                },
                {
                    "order_id": 32,
                    "building": "A12",
                    "room": "404",
                    "weight": 2.65,
                    "hour": "12:00",
                    "date": "14/4/2025"
                },
                {
                    "order_id": 33,
                    "building": "A14",
                    "room": "301",
                    "weight": 1.94,
                    "hour": "12:00",
                    "date": "14/4/2025"
                },
                {
                    "order_id": 34,
                    "building": "A6",
                    "room": "203",
                    "weight": 4.47,
                    "hour": "12:00",
                    "date": "14/4/2025"
                },
                {
                    "order_id": 35,
                    "building": "A13",
                    "room": "204",
                    "weight": 0.48,
                    "hour": "12:00",
                    "date": "14/4/2025"
                },
                {
                    "order_id": 36,
                    "building": "A16",
                    "room": "404",
                    "weight": 1.92,
                    "hour": "12:00",
                    "date": "14/4/2025"
                },
                {
                    "order_id": 37,
                    "building": "AH2",
                    "room": "204",
                    "weight": 1.34,
                    "hour": "12:00",
                    "date": "14/4/2025"
                },
                {
                    "order_id": 38,
                    "building": "A16",
                    "room": "202",
                    "weight": 4.25,
                    "hour": "12:00",
                    "date": "14/4/2025"
                },
                {
                    "order_id": 39,
                    "building": "A18",
                    "room": "203",
                    "weight": 0.15,
                    "hour": "12:00",
                    "date": "14/4/2025"
                },
                {
                    "order_id": 40,
                    "building": "A14",
                    "room": "404",
                    "weight": 0.85,
                    "hour": "12:00",
                    "date": "14/4/2025"
                },
                {
                    "order_id": 41,
                    "building": "A3",
                    "room": "301",
                    "weight": 0.69,
                    "hour": "12:00",
                    "date": "14/4/2025"
                },
                {
                    "order_id": 42,
                    "building": "A10",
                    "room": "304",
                    "weight": 1.94,
                    "hour": "12:00",
                    "date": "14/4/2025"
                },
                {
                    "order_id": 43,
                    "building": "A15",
                    "room": "204",
                    "weight": 1.02,
                    "hour": "12:00",
                    "date": "14/4/2025"
                },
                {
                    "order_id": 44,
                    "building": "A14",
                    "room": "401",
                    "weight": 2.88,
                    "hour": "12:00",
                    "date": "14/4/2025"
                },
                {
                    "order_id": 45,
                    "building": "AH1",
                    "room": "203",
                    "weight": 1.09,
                    "hour": "12:00",
                    "date": "14/4/2025"
                },
                {
                    "order_id": 46,
                    "building": "AG3",
                    "room": "401",
                    "weight": 0.71,
                    "hour": "12:00",
                    "date": "14/4/2025"
                },
                {
                    "order_id": 47,
                    "building": "A17",
                    "room": "302",
                    "weight": 1.55,
                    "hour": "12:00",
                    "date": "14/4/2025"
                },
                {
                    "order_id": 48,
                    "building": "A18",
                    "room": "404",
                    "weight": 0.85,
                    "hour": "12:00",
                    "date": "14/4/2025"
                },
                {
                    "order_id": 49,
                    "building": "A11",
                    "room": "404",
                    "weight": 0.38,
                    "hour": "12:00",
                    "date": "14/4/2025"
                },
                {
                    "order_id": 50,
                    "building": "A17",
                    "room": "303",
                    "weight": 2.31,
                    "hour": "12:00",
                    "date": "14/4/2025"
                },
                {
                    "order_id": 51,
                    "building": "A4",
                    "room": "404",
                    "weight": 4.62,
                    "hour": "12:00",
                    "date": "14/4/2025"
                },
                {
                    "order_id": 52,
                    "building": "A6",
                    "room": "403",
                    "weight": 1.67,
                    "hour": "12:00",
                    "date": "14/4/2025"
                },
                {
                    "order_id": 53,
                    "building": "A10",
                    "room": "402",
                    "weight": 1.45,
                    "hour": "12:00",
                    "date": "14/4/2025"
                },
                {
                    "order_id": 54,
                    "building": "AH1",
                    "room": "302",
                    "weight": 4.62,
                    "hour": "12:00",
                    "date": "14/4/2025"
                },
                {
                    "order_id": 55,
                    "building": "AG4",
                    "room": "404",
                    "weight": 1.35,
                    "hour": "12:00",
                    "date": "14/4/2025"
                },
                {
                    "order_id": 56,
                    "building": "A10",
                    "room": "203",
                    "weight": 2.31,
                    "hour": "12:00",
                    "date": "14/4/2025"
                },
                {
                    "order_id": 57,
                    "building": "A8",
                    "room": "401",
                    "weight": 1.37,
                    "hour": "12:00",
                    "date": "14/4/2025"
                },
                {
                    "order_id": 58,
                    "building": "AH2",
                    "room": "303",
                    "weight": 1.29,
                    "hour": "12:00",
                    "date": "14/4/2025"
                },
                {
                    "order_id": 59,
                    "building": "A9",
                    "room": "302",
                    "weight": 0.38,
                    "hour": "12:00",
                    "date": "14/4/2025"
                },
                {
                    "order_id": 60,
                    "building": "A11",
                    "room": "202",
                    "weight": 0.97,
                    "hour": "12:00",
                    "date": "14/4/2025"
                },
                {
                    "order_id": 61,
                    "building": "A14",
                    "room": "204",
                    "weight": 0.29,
                    "hour": "12:00",
                    "date": "14/4/2025"
                },
                {
                    "order_id": 62,
                    "building": "A16",
                    "room": "104",
                    "weight": 1.53,
                    "hour": "12:00",
                    "date": "14/4/2025"
                },
                {
                    "order_id": 63,
                    "building": "AH1",
                    "room": "302",
                    "weight": 0.62,
                    "hour": "12:00",
                    "date": "14/4/2025"
                },
                {
                    "order_id": 64,
                    "building": "A6",
                    "room": "402",
                    "weight": 1.45,
                    "hour": "12:00",
                    "date": "14/4/2025"
                },
                {
                    "order_id": 65,
                    "building": "A9",
                    "room": "403",
                    "weight": 1.85,
                    "hour": "12:00",
                    "date": "14/4/2025"
                },
                {
                    "order_id": 66,
                    "building": "A9",
                    "room": "403",
                    "weight": 2.75,
                    "hour": "12:00",
                    "date": "14/4/2025"
                },
                {
                    "order_id": 67,
                    "building": "A15",
                    "room": "404",
                    "weight": 1.34,
                    "hour": "12:00",
                    "date": "14/4/2025"
                },
                {
                    "order_id": 68,
                    "building": "A18",
                    "room": "402",
                    "weight": 4.64,
                    "hour": "12:00",
                    "date": "14/4/2025"
                },
                {
                    "order_id": 69,
                    "building": "A10",
                    "room": "301",
                    "weight": 1.76,
                    "hour": "12:00",
                    "date": "14/4/2025"
                },
                {
                    "order_id": 70,
                    "building": "A19",
                    "room": "403",
                    "weight": 0.64,
                    "hour": "12:00",
                    "date": "14/4/2025"
                }
            ]
        }
    }
}