{
    "A": {
        "14/4/2025": {
            "11:00 - 12:45": [
                {
                    "order_id": 1,
                    "building": "AH1",
                    "room": "402",
                    "weight": 0.24,
                    "hour": "12:00",
                    "date": "14/4/2025"
                },
                {
                    "order_id": 2,
                    "building": "AH2",
                    "room": "401",
                    "weight": 1.15,
                    "hour": "12:00",
                    "date": "14/4/2025"
                },
                {
                    "order_id": 3,
                    "building": "A9",
                    "room": "101",
                    "weight": 1.7,
                    "hour": "12:00",
                    "date": "14/4/2025"
                },
                {
                    "order_id": 4,
                    "building": "A4",
                    "room": "101",
                    "weight": 0.49,
                    "hour": "12:00",
                    "date": "14/4/2025"
                },
                {
                    "order_id": 5,
                    "building": "A11",
                    "room": "303",
                    "weight": 1.37,
                    "hour": "12:00",
                    "date": "14/4/2025"
                },
                {
                    "order_id": 6,
                    "building": "A15",
                    "room": "102",
                    "weight": 1.88,
                    "hour": "12:00",
                    "date": "14/4/2025"
                },
                {
                    "order_id": 7,
                    "building": "A2",
                    "room": "204",
                    "weight": 0.31,
                    "hour": "12:00",
                    "date": "14/4/2025"
                },
                {
                    "order_id": 8,
                    "building": "AG3",
                    "room": "303",
                    "weight": 3.8,
                    "hour": "12:00",
                    "date": "14/4/2025"
                },
                {
                    "order_id": 9,
                    "building": "A6",
                    "room": "403",
                    "weight": 2.33,
                    "hour": "12:00",
                    "date": "14/4/2025"
                },
                {
                    "order_id": 10,
                    "building": "A16",
                    "room": "102",
                    "weight": 1.27,
                    "hour": "12:00",
                    "date": "14/4/2025"
                },
                {
                    "order_id": 11,
                    "building": "A10",
                    "room": "303",
                    "weight": 0.83,
                    "hour": "12:00",
                    "date": "14/4/2025"
                },
                {
                    "order_id": 12,
                    "building": "AH1",
                    "room": "304",
                    "weight": 2.46,
                    "hour": "12:00",
                    "date": "14/4/2025"
                },
                {
                    "order_id": 13,
                    "building": "AG3",
                    "room": "401",
                    "weight": 0.22,
                    "hour": "12:00",
                    "date": "14/4/2025"
                },
                {
                    "order_id": 14,
                    "building": "A14",
                    "room": "404",
                    "weight": 0.98,
                    "hour": "12:00",
                    "date": "14/4/2025"
                },
                {
                    "order_id": 15,
                    "building": "A16",
                    "room": "301",
                    "weight": 1.79,
                    "hour": "12:00",
                    "date": "14/4/2025"
                },
                {
                    "order_id": 16,
                    "building": "A15",
                    "room": "403",
                    "weight": 1.12,
                    "hour": "12:00",
                    "date": "14/4/2025"
                },
                {
                    "order_id": 17,
                    "building": "A7",
                    "room": "404",
                    "weight": 1.27,
                    "hour": "12:00",
                    "date": "14/4/2025"
                },
                {
                    "order_id": 18,
                    "building": "A7",
                    "room": "303",
                    "weight": 0.27,
                    "hour": "12:00",
                    "date": "14/4/2025"
                },
                {
                    "order_id": 19,
                    "building": "A4",
                    "room": "103",
                    "weight": 0.93,
                    "hour": "12:00",
                    "date": "14/4/2025"
                },
                {
                    "order_id": 20,
                    "building": "A10",
                    "room": "201",
                    "weight": 0.83,
                    "hour": "12:00",
                    "date": "14/4/2025"
                },
                {
                    "order_id": 21,
                    "building": "AH1",
                    "room": "204",
                    "weight": 0.94,
                    "hour": "12:00",
                    "date": "14/4/2025"
                },
                {
                    "order_id": 22,
                    "building": "A11",
                    "room": "303",
                    "weight": 0.34,
                    "hour": "12:00",
                    "date": "14/4/2025"
                },
                {
                    "order_id": 23,
                    "building": "A3",
                    "room": "402",
                    "weight": 1.74,
                    "hour": "12:00",
                    "date": "14/4/2025"
                },
                {
                    "order_id": 24,
                    "building": "A13",
                    "room": "101",
                    "weight": 0.27,
                    "hour": "12:00",
                    "date": "14/4/2025"
                },
                {
                    "order_id": 25,
                    "building": "AH1",
                    "room": "103",
                    "weight": 4.54,
                    "hour": "12:00",
                    "date": "14/4/2025"
                },
                {
                    "order_id": 26,
                    "building": "A17",
                    "room": "303",
                    "weight": 1.94,
                    "hour": "12:00",
                    "date": "14/4/2025"
                },
                {
                    "order_id": 27,
                    "building": "A7",
                    "room": "303",
                    "weight": 0.94,
                    "hour": "12:00",
                    "date": "14/4/2025"
                },
                {
                    "order_id": 28,
                    "building": "A8",
                    "room": "204",
                    "weight": 2.33,
                    "hour": "12:00",
                    "date": "14/4/2025"
                },
                {
                    "order_id": 29,
                    "building": "A6",
                    "room": "303",
                    "weight": 1.34,
                    "hour": "12:00",
                    "date": "14/4/2025"
                },
                {
                    "order_id": 30,
                    "building": "A15",
                    "room": "102",
                    "weight": 0.21,
                    "hour": "12:00",
                    "date": "14/4/2025"
                }
            ]
        }
    }
}