{
    "A": {
        "14/4/2025": {
            "11:00 - 12:45": [
                {
                    "order_id": 1,
                    "building": "A1",
                    "room": "404",
                    "weight": 0.22,
                    "hour": "12:00",
                    "date": "14/4/2025"
                },
                {
                    "order_id": 2,
                    "building": "A2",
                    "room": "402",
                    "weight": 1.7,
                    "hour": "12:00",
                    "date": "14/4/2025"
                },
                {
                    "order_id": 3,
                    "building": "AG3",
                    "room": "202",
                    "weight": 1.65,
                    "hour": "12:00",
                    "date": "14/4/2025"
                },
                {
                    "order_id": 4,
                    "building": "AG3",
                    "room": "203",
                    "weight": 2.5,
                    "hour": "12:00",
                    "date": "14/4/2025"
                },
                {
                    "order_id": 5,
                    "building": "AG4",
                    "room": "104",
                    "weight": 1.45,
                    "hour": "12:00",
                    "date": "14/4/2025"
                }
            ]
        }
    }
}