{
    "A": {
        "14/4/2025": {
            "11:00 - 12:45": [
                {
                    "order_id": 1,
                    "building": "AG4",
                    "room": "101",
                    "weight": 0.2,
                    "hour": "12:00",
                    "date": "14/4/2025"
                },
                {
                    "order_id": 2,
                    "building": "A8",
                    "room": "401",
                    "weight": 0.79,
                    "hour": "12:00",
                    "date": "14/4/2025"
                },
                {
                    "order_id": 3,
                    "building": "A13",
                    "room": "102",
                    "weight": 1.11,
                    "hour": "12:00",
                    "date": "14/4/2025"
                },
                {
                    "order_id": 4,
                    "building": "AH2",
                    "room": "102",
                    "weight": 0.97,
                    "hour": "12:00",
                    "date": "14/4/2025"
                },
                {
                    "order_id": 5,
                    "building": "A13",
                    "room": "202",
                    "weight": 1.23,
                    "hour": "12:00",
                    "date": "14/4/2025"
                },
                {
                    "order_id": 6,
                    "building": "AH1",
                    "room": "401",
                    "weight": 0.32,
                    "hour": "12:00",
                    "date": "14/4/2025"
                },
                {
                    "order_id": 7,
                    "building": "A18",
                    "room": "104",
                    "weight": 1.45,
                    "hour": "12:00",
                    "date": "14/4/2025"
                },
                {
                    "order_id": 8,
                    "building": "AG3",
                    "room": "102",
                    "weight": 1.74,
                    "hour": "12:00",
                    "date": "14/4/2025"
                },
                {
                    "order_id": 9,
                    "building": "A16",
                    "room": "104",
                    "weight": 0.76,
                    "hour": "12:00",
                    "date": "14/4/2025"
                },
                {
                    "order_id": 10,
                    "building": "A9",
                    "room": "304",
                    "weight": 2.34,
                    "hour": "12:00",
                    "date": "14/4/2025"
                },
                {
                    "order_id": 11,
                    "building": "A18",
                    "room": "204",
                    "weight": 0.17,
                    "hour": "12:00",
                    "date": "14/4/2025"
                },
                {
                    "order_id": 12,
                    "building": "A7",
                    "room": "102",
                    "weight": 1.8,
                    "hour": "12:00",
                    "date": "14/4/2025"
                },
                {
                    "order_id": 13,
                    "building": "A10",
                    "room": "403",
                    "weight": 1.67,
                    "hour": "12:00",
                    "date": "14/4/2025"
                },
                {
                    "order_id": 14,
                    "building": "A11",
                    "room": "302",
                    "weight": 1.22,
                    "hour": "12:00",
                    "date": "14/4/2025"
                },
                {
                    "order_id": 15,
                    "building": "A17",
                    "room": "101",
                    "weight": 1.47,
                    "hour": "12:00",
                    "date": "14/4/2025"
                },
                {
                    "order_id": 16,
                    "building": "A20",
                    "room": "402",
                    "weight": 1.92,
                    "hour": "12:00",
                    "date": "14/4/2025"
                },
                {
                    "order_id": 17,
                    "building": "AG3",
                    "room": "303",
                    "weight": 1.09,
                    "hour": "12:00",
                    "date": "14/4/2025"
                },
                {
                    "order_id": 18,
                    "building": "A15",
                    "room": "302",
                    "weight": 1.93,
                    "hour": "12:00",
                    "date": "14/4/2025"
                },
                {
                    "order_id": 19,
                    "building": "A1",
                    "room": "104",
                    "weight": 3.53,
                    "hour": "12:00",
                    "date": "14/4/2025"
                },
                {
                    "order_id": 20,
                    "building": "A18",
                    "room": "403",
                    "weight": 1.61,
                    "hour": "12:00",
                    "date": "14/4/2025"
                },
                {
                    "order_id": 21,
                    "building": "A18",
                    "room": "204",
                    "weight": 0.81,
                    "hour": "12:00",
                    "date": "14/4/2025"
                },
                {
                    "order_id": 22,
                    "building": "AH1",
                    "room": "304",
                    "weight": 1.03,
                    "hour": "12:00",
                    "date": "14/4/2025"
                },
                {
                    "order_id": 23,
                    "building": "A12",
                    "room": "302",
                    "weight": 2.66,
                    "hour": "12:00",
                    "date": "14/4/2025"
                },
                {
                    "order_id": 24,
                    "building": "A16",
                    "room": "204",
                    "weight": 1.53,
                    "hour": "12:00",
                    "date": "14/4/2025"
                },
                {
                    "order_id": 25,
                    "building": "A11",
                    "room": "101",
                    "weight": 1.16,
                    "hour": "12:00",
                    "date": "14/4/2025"
                },
                {
                    "order_id": 26,
                    "building": "A13",
                    "room": "102",
                    "weight": 1.62,
                    "hour": "12:00",
                    "date": "14/4/2025"
                },
                {
                    "order_id": 27,
                    "building": "A9",
                    "room": "102",
                    "weight": 0.48,
                    "hour": "12:00",
                    "date": "14/4/2025"
                },
                {
                    "order_id": 28,
                    "building": "A8",
                    "room": "304",
                    "weight": 1.37,
                    "hour": "12:00",
                    "date": "14/4/2025"
                },
                {
                    "order_id": 29,
                    "building": "A4",
                    "room": "401",
                    "weight": 1.64,
                    "hour": "12:00",
                    "date": "14/4/2025"
                },
                {
                    "order_id": 30,
                    "building": "A5",
                    "room": "202",
                    "weight": 0.38,
                    "hour": "12:00",
                    "date": "14/4/2025"
                },
                {
                    "order_id": 31,
                    "building": "A20",
                    "room": "104",
                    "weight": 0.78,
                    "hour": "12:00",
                    "date": "14/4/2025"
                },
                {
                    "order_id": 32,
                    "building": "AH1",
                    "room": "301",
                    "weight": 0.34,
                    "hour": "12:00",
                    "date": "14/4/2025"
                },
                {
                    "order_id": 33,
                    "building": "A15",
                    "room": "401",
                    "weight": 0.8,
                    "hour": "12:00",
                    "date": "14/4/2025"
                },
                {
                    "order_id": 34,
                    "building": "A9",
                    "room": "202",
                    "weight": 1.61,
                    "hour": "12:00",
                    "date": "14/4/2025"
                },
                {
                    "order_id": 35,
                    "building": "A13",
                    "room": "101",
                    "weight": 2.34,
                    "hour": "12:00",
                    "date": "14/4/2025"
                },
                {
                    "order_id": 36,
                    "building": "A16",
                    "room": "204",
                    "weight": 1.72,
                    "hour": "12:00",
                    "date": "14/4/2025"
                },
                {
                    "order_id": 37,
                    "building": "AH2",
                    "room": "104",
                    "weight": 0.42,
                    "hour": "12:00",
                    "date": "14/4/2025"
                },
                {
                    "order_id": 38,
                    "building": "AG3",
                    "room": "104",
                    "weight": 0.87,
                    "hour": "12:00",
                    "date": "14/4/2025"
                },
                {
                    "order_id": 39,
                    "building": "A19",
                    "room": "401",
                    "weight": 0.15,
                    "hour": "12:00",
                    "date": "14/4/2025"
                },
                {
                    "order_id": 40,
                    "building": "A5",
                    "room": "403",
                    "weight": 4.42,
                    "hour": "12:00",
                    "date": "14/4/2025"
                },
                {
                    "order_id": 41,
                    "building": "A8",
                    "room": "402",
                    "weight": 1.71,
                    "hour": "12:00",
                    "date": "14/4/2025"
                },
                {
                    "order_id": 42,
                    "building": "A19",
                    "room": "102",
                    "weight": 4.01,
                    "hour": "12:00",
                    "date": "14/4/2025"
                },
                {
                    "order_id": 43,
                    "building": "A14",
                    "room": "103",
                    "weight": 1.14,
                    "hour": "12:00",
                    "date": "14/4/2025"
                },
                {
                    "order_id": 44,
                    "building": "A4",
                    "room": "201",
                    "weight": 1.52,
                    "hour": "12:00",
                    "date": "14/4/2025"
                },
                {
                    "order_id": 45,
                    "building": "A5",
                    "room": "401",
                    "weight": 0.59,
                    "hour": "12:00",
                    "date": "14/4/2025"
                },
                {
                    "order_id": 46,
                    "building": "A9",
                    "room": "104",
                    "weight": 0.5,
                    "hour": "12:00",
                    "date": "14/4/2025"
                },
                {
                    "order_id": 47,
                    "building": "A16",
                    "room": "303",
                    "weight": 1.52,
                    "hour": "12:00",
                    "date": "14/4/2025"
                },
                {
                    "order_id": 48,
                    "building": "A5",
                    "room": "301",
                    "weight": 1.01,
                    "hour": "12:00",
                    "date": "14/4/2025"
                },
                {
                    "order_id": 49,
                    "building": "AG4",
                    "room": "304",
                    "weight": 1.35,
                    "hour": "12:00",
                    "date": "14/4/2025"
                },
                {
                    "order_id": 50,
                    "building": "A18",
                    "room": "202",
                    "weight": 0.87,
                    "hour": "12:00",
                    "date": "14/4/2025"
                },
                {
                    "order_id": 51,
                    "building": "A19",
                    "room": "301",
                    "weight": 1.94,
                    "hour": "12:00",
                    "date": "14/4/2025"
                },
                {
                    "order_id": 52,
                    "building": "A6",
                    "room": "104",
                    "weight": 2.66,
                    "hour": "12:00",
                    "date": "14/4/2025"
                },
                {
                    "order_id": 53,
                    "building": "A3",
                    "room": "303",
                    "weight": 1.72,
                    "hour": "12:00",
                    "date": "14/4/2025"
                },
                {
                    "order_id": 54,
                    "building": "A1",
                    "room": "402",
                    "weight": 1.29,
                    "hour": "12:00",
                    "date": "14/4/2025"
                },
                {
                    "order_id": 55,
                    "building": "A18",
                    "room": "104",
                    "weight": 3.55,
                    "hour": "12:00",
                    "date": "14/4/2025"
                },
                {
                    "order_id": 56,
                    "building": "A15",
                    "room": "302",
                    "weight": 2.75,
                    "hour": "12:00",
                    "date": "14/4/2025"
                },
                {
                    "order_id": 57,
                    "building": "AH1",
                    "room": "203",
                    "weight": 1.15,
                    "hour": "12:00",
                    "date": "14/4/2025"
                },
                {
                    "order_id": 58,
                    "building": "A13",
                    "room": "404",
                    "weight": 3.33,
                    "hour": "12:00",
                    "date": "14/4/2025"
                },
                {
                    "order_id": 59,
                    "building": "A6",
                    "room": "201",
                    "weight": 1.85,
                    "hour": "12:00",
                    "date": "14/4/2025"
                },
                {
                    "order_id": 60,
                    "building": "A19",
                    "room": "202",
                    "weight": 0.3,
                    "hour": "12:00",
                    "date": "14/4/2025"
                },
                {
                    "order_id": 61,
                    "building": "A2",
                    "room": "201",
                    "weight": 0.65,
                    "hour": "12:00",
                    "date": "14/4/2025"
                },
                {
                    "order_id": 62,
                    "building": "A11",
                    "room": "302",
                    "weight": 2.66,
                    "hour": "12:00",
                    "date": "14/4/2025"
                },
                {
                    "order_id": 63,
                    "building": "AH1",
                    "room": "101",
                    "weight": 1.21,
                    "hour": "12:00",
                    "date": "14/4/2025"
                },
                {
                    "order_id": 64,
                    "building": "AG4",
                    "room": "403",
                    "weight": 1.76,
                    "hour": "12:00",
                    "date": "14/4/2025"
                },
                {
                    "order_id": 65,
                    "building": "AG4",
                    "room": "302",
                    "weight": 1.34,
                    "hour": "12:00",
                    "date": "14/4/2025"
                },
                {
                    "order_id": 66,
                    "building": "A17",
                    "room": "202",
                    "weight": 4.75,
                    "hour": "12:00",
                    "date": "14/4/2025"
                },
                {
                    "order_id": 67,
                    "building": "A12",
                    "room": "201",
                    "weight": 1.89,
                    "hour": "12:00",
                    "date": "14/4/2025"
                },
                {
                    "order_id": 68,
                    "building": "A7",
                    "room": "303",
                    "weight": 0.99,
                    "hour": "12:00",
                    "date": "14/4/2025"
                },
                {
                    "order_id": 69,
                    "building": "A17",
                    "room": "304",
                    "weight": 1.95,
                    "hour": "12:00",
                    "date": "14/4/2025"
                },
                {
                    "order_id": 70,
                    "building": "A13",
                    "room": "403",
                    "weight": 1.45,
                    "hour": "12:00",
                    "date": "14/4/2025"
                }
            ]
        }
    }
}