{
    "A": {
        "14/4/2025": {
            "11:00 - 12:45": [
                {
                    "order_id": 1,
                    "building": "A17",
                    "room": "203",
                    "weight": 0.63,
                    "hour": "12:00",
                    "date": "14/4/2025"
                },
                {
                    "order_id": 2,
                    "building": "A9",
                    "room": "102",
                    "weight": 2.4,
                    "hour": "12:00",
                    "date": "14/4/2025"
                },
                {
                    "order_id": 3,
                    "building": "AG4",
                    "room": "102",
                    "weight": 0.64,
                    "hour": "12:00",
                    "date": "14/4/2025"
                },
                {
                    "order_id": 4,
                    "building": "A1",
                    "room": "404",
                    "weight": 1.24,
                    "hour": "12:00",
                    "date": "14/4/2025"
                },
                {
                    "order_id": 5,
                    "building": "A3",
                    "room": "303",
                    "weight": 2.42,
                    "hour": "12:00",
                    "date": "14/4/2025"
                },
                {
                    "order_id": 6,
                    "building": "A6",
                    "room": "104",
                    "weight": 1.75,
                    "hour": "12:00",
                    "date": "14/4/2025"
                },
                {
                    "order_id": 7,
                    "building": "AH2",
                    "room": "401",
                    "weight": 1.26,
                    "hour": "12:00",
                    "date": "14/4/2025"
                },
                {
                    "order_id": 8,
                    "building": "AH1",
                    "room": "102",
                    "weight": 2.4,
                    "hour": "12:00",
                    "date": "14/4/2025"
                },
                {
                    "order_id": 9,
                    "building": "A1",
                    "room": "401",
                    "weight": 1.31,
                    "hour": "12:00",
                    "date": "14/4/2025"
                },
                {
                    "order_id": 10,
                    "building": "A2",
                    "room": "201",
                    "weight": 1.77,
                    "hour": "12:00",
                    "date": "14/4/2025"
                },
                {
                    "order_id": 11,
                    "building": "AG3",
                    "room": "201",
                    "weight": 0.87,
                    "hour": "12:00",
                    "date": "14/4/2025"
                },
                {
                    "order_id": 12,
                    "building": "A3",
                    "room": "403",
                    "weight": 0.27,
                    "hour": "12:00",
                    "date": "14/4/2025"
                },
                {
                    "order_id": 13,
                    "building": "A20",
                    "room": "404",
                    "weight": 0.41,
                    "hour": "12:00",
                    "date": "14/4/2025"
                },
                {
                    "order_id": 14,
                    "building": "AH1",
                    "room": "301",
                    "weight": 1.32,
                    "hour": "12:00",
                    "date": "14/4/2025"
                },
                {
                    "order_id": 15,
                    "building": "A3",
                    "room": "302",
                    "weight": 1.52,
                    "hour": "12:00",
                    "date": "14/4/2025"
                },
                {
                    "order_id": 16,
                    "building": "A5",
                    "room": "304",
                    "weight": 1.47,
                    "hour": "12:00",
                    "date": "14/4/2025"
                },
                {
                    "order_id": 17,
                    "building": "A10",
                    "room": "301",
                    "weight": 1.11,
                    "hour": "12:00",
                    "date": "14/4/2025"
                },
                {
                    "order_id": 18,
                    "building": "A10",
                    "room": "403",
                    "weight": 0.42,
                    "hour": "12:00",
                    "date": "14/4/2025"
                },
                {
                    "order_id": 19,
                    "building": "A11",
                    "room": "201",
                    "weight": 2.23,
                    "hour": "12:00",
                    "date": "14/4/2025"
                },
                {
                    "order_id": 20,
                    "building": "AH1",
                    "room": "403",
                    "weight": 0.74,
                    "hour": "12:00",
                    "date": "14/4/2025"
                },
                {
                    "order_id": 21,
                    "building": "AH2",
                    "room": "201",
                    "weight": 1.63,
                    "hour": "12:00",
                    "date": "14/4/2025"
                },
                {
                    "order_id": 22,
                    "building": "A8",
                    "room": "403",
                    "weight": 0.17,
                    "hour": "12:00",
                    "date": "14/4/2025"
                },
                {
                    "order_id": 23,
                    "building": "A11",
                    "room": "303",
                    "weight": 1.57,
                    "hour": "12:00",
                    "date": "14/4/2025"
                },
                {
                    "order_id": 24,
                    "building": "A17",
                    "room": "403",
                    "weight": 0.19,
                    "hour": "12:00",
                    "date": "14/4/2025"
                },
                {
                    "order_id": 25,
                    "building": "A20",
                    "room": "201",
                    "weight": 1.15,
                    "hour": "12:00",
                    "date": "14/4/2025"
                },
                {
                    "order_id": 26,
                    "building": "A8",
                    "room": "302",
                    "weight": 1.17,
                    "hour": "12:00",
                    "date": "14/4/2025"
                },
                {
                    "order_id": 27,
                    "building": "A5",
                    "room": "204",
                    "weight": 1.42,
                    "hour": "12:00",
                    "date": "14/4/2025"
                },
                {
                    "order_id": 28,
                    "building": "A12",
                    "room": "203",
                    "weight": 0.38,
                    "hour": "12:00",
                    "date": "14/4/2025"
                },
                {
                    "order_id": 29,
                    "building": "A9",
                    "room": "103",
                    "weight": 4.61,
                    "hour": "12:00",
                    "date": "14/4/2025"
                },
                {
                    "order_id": 30,
                    "building": "AG3",
                    "room": "203",
                    "weight": 2.81,
                    "hour": "12:00",
                    "date": "14/4/2025"
                }
            ]
        }
    }
}