{
    "A": {
        "14/4/2025": {
            "11:00 - 12:45": [
                {
                    "order_id": 1,
                    "building": "A3",
                    "room": "101",
                    "weight": 1.21,
                    "hour": "12:00",
                    "date": "14/4/2025"
                },
                {
                    "order_id": 2,
                    "building": "A20",
                    "room": "301",
                    "weight": 1.33,
                    "hour": "12:00",
                    "date": "14/4/2025"
                },
                {
                    "order_id": 3,
                    "building": "A8",
                    "room": "104",
                    "weight": 4.43,
                    "hour": "12:00",
                    "date": "14/4/2025"
                },
                {
                    "order_id": 4,
                    "building": "A17",
                    "room": "201",
                    "weight": 1.68,
                    "hour": "12:00",
                    "date": "14/4/2025"
                },
                {
                    "order_id": 5,
                    "building": "A14",
                    "room": "203",
                    "weight": 1.89,
                    "hour": "12:00",
                    "date": "14/4/2025"
                }
            ]
        }
    }
}