{
    "A": {
        "14/4/2025": {
            "11:00 - 12:45": [
                {
                    "order_id": 1,
                    "building": "AG3",
                    "room": "104",
                    "weight": 2.62,
                    "hour": "12:00",
                    "date": "14/4/2025"
                },
                {
                    "order_id": 2,
                    "building": "A19",
                    "room": "403",
                    "weight": 0.22,
                    "hour": "12:00",
                    "date": "14/4/2025"
                },
                {
                    "order_id": 3,
                    "building": "AG4",
                    "room": "103",
                    "weight": 1.32,
                    "hour": "12:00",
                    "date": "14/4/2025"
                },
                {
                    "order_id": 4,
                    "building": "AH2",
                    "room": "202",
                    "weight": 0.25,
                    "hour": "12:00",
                    "date": "14/4/2025"
                },
                {
                    "order_id": 5,
                    "building": "AG3",
                    "room": "104",
                    "weight": 1.22,
                    "hour": "12:00",
                    "date": "14/4/2025"
                },
                {
                    "order_id": 6,
                    "building": "A16",
                    "room": "104",
                    "weight": 1.21,
                    "hour": "12:00",
                    "date": "14/4/2025"
                },
                {
                    "order_id": 7,
                    "building": "A7",
                    "room": "301",
                    "weight": 1.53,
                    "hour": "12:00",
                    "date": "14/4/2025"
                },
                {
                    "order_id": 8,
                    "building": "AH2",
                    "room": "102",
                    "weight": 0.34,
                    "hour": "12:00",
                    "date": "14/4/2025"
                }
            ]
        }
    }
}