{
    "A": {
        "14/4/2025": {
            "11:00 - 12:45": [
                {
                    "order_id": 1,
                    "building": "AH2",
                    "room": "203",
                    "weight": 1.6,
                    "hour": "12:00",
                    "date": "14/4/2025"
                },
                {
                    "order_id": 2,
                    "building": "A10",
                    "room": "402",
                    "weight": 0.58,
                    "hour": "12:00",
                    "date": "14/4/2025"
                },
                {
                    "order_id": 3,
                    "building": "A7",
                    "room": "301",
                    "weight": 0.15,
                    "hour": "12:00",
                    "date": "14/4/2025"
                },
                {
                    "order_id": 4,
                    "building": "A2",
                    "room": "301",
                    "weight": 0.87,
                    "hour": "12:00",
                    "date": "14/4/2025"
                },
                {
                    "order_id": 5,
                    "building": "A12",
                    "room": "301",
                    "weight": 1.36,
                    "hour": "12:00",
                    "date": "14/4/2025"
                },
                {
                    "order_id": 6,
                    "building": "A10",
                    "room": "102",
                    "weight": 0.87,
                    "hour": "12:00",
                    "date": "14/4/2025"
                },
                {
                    "order_id": 7,
                    "building": "A20",
                    "room": "103",
                    "weight": 0.56,
                    "hour": "12:00",
                    "date": "14/4/2025"
                },
                {
                    "order_id": 8,
                    "building": "A4",
                    "room": "303",
                    "weight": 0.47,
                    "hour": "12:00",
                    "date": "14/4/2025"
                },
                {
                    "order_id": 9,
                    "building": "A1",
                    "room": "302",
                    "weight": 0.56,
                    "hour": "12:00",
                    "date": "14/4/2025"
                }
            ]
        }
    }
}