{
    "A": {
        "14/4/2025": {
            "11:00 - 12:45": [
                {
                    "order_id": 1,
                    "building": "A10",
                    "room": "404",
                    "weight": 1.37,
                    "hour": "12:00",
                    "date": "14/4/2025"
                },
                {
                    "order_id": 2,
                    "building": "A1",
                    "room": "402",
                    "weight": 1.48,
                    "hour": "12:00",
                    "date": "14/4/2025"
                },
                {
                    "order_id": 3,
                    "building": "A2",
                    "room": "403",
                    "weight": 0.85,
                    "hour": "12:00",
                    "date": "14/4/2025"
                },
                {
                    "order_id": 4,
                    "building": "AG3",
                    "room": "204",
                    "weight": 1.4,
                    "hour": "12:00",
                    "date": "14/4/2025"
                },
                {
                    "order_id": 5,
                    "building": "A19",
                    "room": "402",
                    "weight": 1.48,
                    "hour": "12:00",
                    "date": "14/4/2025"
                },
                {
                    "order_id": 6,
                    "building": "AG4",
                    "room": "404",
                    "weight": 1.83,
                    "hour": "12:00",
                    "date": "14/4/2025"
                },
                {
                    "order_id": 7,
                    "building": "A11",
                    "room": "202",
                    "weight": 2.34,
                    "hour": "12:00",
                    "date": "14/4/2025"
                }
            ]
        }
    }
}