{
    "A": {
        "14/4/2025": {
            "11:00 - 12:45": [
                {
                    "order_id": 1,
                    "building": "A12",
                    "room": "201",
                    "weight": 2.45,
                    "hour": "12:00",
                    "date": "14/4/2025"
                },
                {
                    "order_id": 2,
                    "building": "A8",
                    "room": "204",
                    "weight": 1.05,
                    "hour": "12:00",
                    "date": "14/4/2025"
                }
            ]
        }
    }
}