{
    "A": {
        "14/4/2025": {
            "11:00 - 12:45": [
                {
                    "order_id": 1,
                    "building": "A11",
                    "room": "201",
                    "weight": 0.58,
                    "hour": "12:00",
                    "date": "14/4/2025"
                },
                {
                    "order_id": 2,
                    "building": "A12",
                    "room": "101",
                    "weight": 0.34,
                    "hour": "12:00",
                    "date": "14/4/2025"
                },
                {
                    "order_id": 3,
                    "building": "A9",
                    "room": "301",
                    "weight": 0.42,
                    "hour": "12:00",
                    "date": "14/4/2025"
                },
                {
                    "order_id": 4,
                    "building": "A4",
                    "room": "201",
                    "weight": 2.79,
                    "hour": "12:00",
                    "date": "14/4/2025"
                },
                {
                    "order_id": 5,
                    "building": "A5",
                    "room": "202",
                    "weight": 1.69,
                    "hour": "12:00",
                    "date": "14/4/2025"
                },
                {
                    "order_id": 6,
                    "building": "A10",
                    "room": "104",
                    "weight": 0.49,
                    "hour": "12:00",
                    "date": "14/4/2025"
                }
            ]
        }
    }
}