{
    "A": {
        "14/4/2025": {
            "11:00 - 12:45": [
                {
                    "order_id": 1,
                    "building": "A10",
                    "room": "201",
                    "weight": 0.76,
                    "hour": "12:00",
                    "date": "14/4/2025"
                },
                {
                    "order_id": 2,
                    "building": "A17",
                    "room": "103",
                    "weight": 4.14,
                    "hour": "12:00",
                    "date": "14/4/2025"
                },
                {
                    "order_id": 3,
                    "building": "A8",
                    "room": "304",
                    "weight": 1.14,
                    "hour": "12:00",
                    "date": "14/4/2025"
                },
                {
                    "order_id": 4,
                    "building": "A8",
                    "room": "201",
                    "weight": 1.88,
                    "hour": "12:00",
                    "date": "14/4/2025"
                },
                {
                    "order_id": 5,
                    "building": "A20",
                    "room": "403",
                    "weight": 1.87,
                    "hour": "12:00",
                    "date": "14/4/2025"
                }
            ]
        }
    }
}