{
    "A": {
        "14/4/2025": {
            "11:00 - 12:45": [
                {
                    "order_id": 1,
                    "building": "AH1",
                    "room": "304",
                    "weight": 1.38,
                    "hour": "12:00",
                    "date": "14/4/2025"
                },
                {
                    "order_id": 2,
                    "building": "A18",
                    "room": "203",
                    "weight": 1.44,
                    "hour": "12:00",
                    "date": "14/4/2025"
                },
                {
                    "order_id": 3,
                    "building": "AH2",
                    "room": "403",
                    "weight": 1.43,
                    "hour": "12:00",
                    "date": "14/4/2025"
                },
                {
                    "order_id": 4,
                    "building": "A8",
                    "room": "301",
                    "weight": 0.52,
                    "hour": "12:00",
                    "date": "14/4/2025"
                },
                {
                    "order_id": 5,
                    "building": "A5",
                    "room": "203",
                    "weight": 1.69,
                    "hour": "12:00",
                    "date": "14/4/2025"
                },
                {
                    "order_id": 6,
                    "building": "A9",
                    "room": "204",
                    "weight": 1.44,
                    "hour": "12:00",
                    "date": "14/4/2025"
                },
                {
                    "order_id": 7,
                    "building": "A8",
                    "room": "404",
                    "weight": 0.62,
                    "hour": "12:00",
                    "date": "14/4/2025"
                },
                {
                    "order_id": 8,
                    "building": "A10",
                    "room": "302",
                    "weight": 1.91,
                    "hour": "12:00",
                    "date": "14/4/2025"
                },
                {
                    "order_id": 9,
                    "building": "A9",
                    "room": "301",
                    "weight": 1.03,
                    "hour": "12:00",
                    "date": "14/4/2025"
                },
                {
                    "order_id": 10,
                    "building": "A15",
                    "room": "402",
                    "weight": 1.38,
                    "hour": "12:00",
                    "date": "14/4/2025"
                }
            ]
        }
    }
}