{
    "A": {
        "14/4/2025": {
            "11:00 - 12:45": [
                {
                    "order_id": 1,
                    "building": "A17",
                    "room": "301",
                    "weight": 1.83,
                    "hour": "12:00",
                    "date": "14/4/2025"
                },
                {
                    "order_id": 2,
                    "building": "A1",
                    "room": "202",
                    "weight": 1.17,
                    "hour": "12:00",
                    "date": "14/4/2025"
                },
                {
                    "order_id": 3,
                    "building": "A19",
                    "room": "103",
                    "weight": 3.11,
                    "hour": "12:00",
                    "date": "14/4/2025"
                },
                {
                    "order_id": 4,
                    "building": "A11",
                    "room": "404",
                    "weight": 1.36,
                    "hour": "12:00",
                    "date": "14/4/2025"
                },
                {
                    "order_id": 5,
                    "building": "A6",
                    "room": "403",
                    "weight": 1.54,
                    "hour": "12:00",
                    "date": "14/4/2025"
                },
                {
                    "order_id": 6,
                    "building": "A8",
                    "room": "104",
                    "weight": 0.83,
                    "hour": "12:00",
                    "date": "14/4/2025"
                },
                {
                    "order_id": 7,
                    "building": "A8",
                    "room": "401",
                    "weight": 2.51,
                    "hour": "12:00",
                    "date": "14/4/2025"
                },
                {
                    "order_id": 8,
                    "building": "A1",
                    "room": "102",
                    "weight": 1.56,
                    "hour": "12:00",
                    "date": "14/4/2025"
                },
                {
                    "order_id": 9,
                    "building": "A20",
                    "room": "203",
                    "weight": 0.78,
                    "hour": "12:00",
                    "date": "14/4/2025"
                },
                {
                    "order_id": 10,
                    "building": "A9",
                    "room": "303",
                    "weight": 1.25,
                    "hour": "12:00",
                    "date": "14/4/2025"
                },
                {
                    "order_id": 11,
                    "building": "A12",
                    "room": "204",
                    "weight": 0.86,
                    "hour": "12:00",
                    "date": "14/4/2025"
                },
                {
                    "order_id": 12,
                    "building": "A4",
                    "room": "304",
                    "weight": 1.49,
                    "hour": "12:00",
                    "date": "14/4/2025"
                },
                {
                    "order_id": 13,
                    "building": "A17",
                    "room": "403",
                    "weight": 0.65,
                    "hour": "12:00",
                    "date": "14/4/2025"
                },
                {
                    "order_id": 14,
                    "building": "A4",
                    "room": "404",
                    "weight": 0.36,
                    "hour": "12:00",
                    "date": "14/4/2025"
                },
                {
                    "order_id": 15,
                    "building": "A7",
                    "room": "101",
                    "weight": 0.14,
                    "hour": "12:00",
                    "date": "14/4/2025"
                },
                {
                    "order_id": 16,
                    "building": "A17",
                    "room": "401",
                    "weight": 1.71,
                    "hour": "12:00",
                    "date": "14/4/2025"
                },
                {
                    "order_id": 17,
                    "building": "A19",
                    "room": "302",
                    "weight": 0.62,
                    "hour": "12:00",
                    "date": "14/4/2025"
                },
                {
                    "order_id": 18,
                    "building": "A8",
                    "room": "303",
                    "weight": 1.98,
                    "hour": "12:00",
                    "date": "14/4/2025"
                },
                {
                    "order_id": 19,
                    "building": "A11",
                    "room": "202",
                    "weight": 3.61,
                    "hour": "12:00",
                    "date": "14/4/2025"
                },
                {
                    "order_id": 20,
                    "building": "A20",
                    "room": "103",
                    "weight": 2.73,
                    "hour": "12:00",
                    "date": "14/4/2025"
                },
                {
                    "order_id": 21,
                    "building": "A2",
                    "room": "302",
                    "weight": 1.1,
                    "hour": "12:00",
                    "date": "14/4/2025"
                },
                {
                    "order_id": 22,
                    "building": "A16",
                    "room": "302",
                    "weight": 0.67,
                    "hour": "12:00",
                    "date": "14/4/2025"
                },
                {
                    "order_id": 23,
                    "building": "A3",
                    "room": "403",
                    "weight": 0.78,
                    "hour": "12:00",
                    "date": "14/4/2025"
                },
                {
                    "order_id": 24,
                    "building": "A14",
                    "room": "402",
                    "weight": 1.37,
                    "hour": "12:00",
                    "date": "14/4/2025"
                },
                {
                    "order_id": 25,
                    "building": "AH1",
                    "room": "402",
                    "weight": 1.11,
                    "hour": "12:00",
                    "date": "14/4/2025"
                },
                {
                    "order_id": 26,
                    "building": "AG3",
                    "room": "203",
                    "weight": 0.13,
                    "hour": "12:00",
                    "date": "14/4/2025"
                },
                {
                    "order_id": 27,
                    "building": "A3",
                    "room": "403",
                    "weight": 0.33,
                    "hour": "12:00",
                    "date": "14/4/2025"
                },
                {
                    "order_id": 28,
                    "building": "A9",
                    "room": "404",
                    "weight": 1.12,
                    "hour": "12:00",
                    "date": "14/4/2025"
                },
                {
                    "order_id": 29,
                    "building": "A20",
                    "room": "302",
                    "weight": 0.48,
                    "hour": "12:00",
                    "date": "14/4/2025"
                },
                {
                    "order_id": 30,
                    "building": "A4",
                    "room": "201",
                    "weight": 0.76,
                    "hour": "12:00",
                    "date": "14/4/2025"
                },
                {
                    "order_id": 31,
                    "building": "A9",
                    "room": "202",
                    "weight": 4.56,
                    "hour": "12:00",
                    "date": "14/4/2025"
                },
                {
                    "order_id": 32,
                    "building": "A16",
                    "room": "303",
                    "weight": 1.87,
                    "hour": "12:00",
                    "date": "14/4/2025"
                },
                {
                    "order_id": 33,
                    "building": "A2",
                    "room": "103",
                    "weight": 1.61,
                    "hour": "12:00",
                    "date": "14/4/2025"
                },
                {
                    "order_id": 34,
                    "building": "A6",
                    "room": "402",
                    "weight": 3.07,
                    "hour": "12:00",
                    "date": "14/4/2025"
                },
                {
                    "order_id": 35,
                    "building": "A1",
                    "room": "202",
                    "weight": 3.09,
                    "hour": "12:00",
                    "date": "14/4/2025"
                },
                {
                    "order_id": 36,
                    "building": "A19",
                    "room": "302",
                    "weight": 1.61,
                    "hour": "12:00",
                    "date": "14/4/2025"
                },
                {
                    "order_id": 37,
                    "building": "A5",
                    "room": "201",
                    "weight": 4.46,
                    "hour": "12:00",
                    "date": "14/4/2025"
                },
                {
                    "order_id": 38,
                    "building": "A4",
                    "room": "303",
                    "weight": 1.32,
                    "hour": "12:00",
                    "date": "14/4/2025"
                },
                {
                    "order_id": 39,
                    "building": "A7",
                    "room": "404",
                    "weight": 0.84,
                    "hour": "12:00",
                    "date": "14/4/2025"
                },
                {
                    "order_id": 40,
                    "building": "A20",
                    "room": "403",
                    "weight": 0.64,
                    "hour": "12:00",
                    "date": "14/4/2025"
                },
                {
                    "order_id": 41,
                    "building": "AH1",
                    "room": "401",
                    "weight": 1.46,
                    "hour": "12:00",
                    "date": "14/4/2025"
                },
                {
                    "order_id": 42,
                    "building": "A15",
                    "room": "401",
                    "weight": 1.63,
                    "hour": "12:00",
                    "date": "14/4/2025"
                },
                {
                    "order_id": 43,
                    "building": "A8",
                    "room": "404",
                    "weight": 1.6,
                    "hour": "12:00",
                    "date": "14/4/2025"
                },
                {
                    "order_id": 44,
                    "building": "A13",
                    "room": "101",
                    "weight": 0.25,
                    "hour": "12:00",
                    "date": "14/4/2025"
                },
                {
                    "order_id": 45,
                    "building": "A6",
                    "room": "404",
                    "weight": 1.41,
                    "hour": "12:00",
                    "date": "14/4/2025"
                },
                {
                    "order_id": 46,
                    "building": "A8",
                    "room": "102",
                    "weight": 0.3,
                    "hour": "12:00",
                    "date": "14/4/2025"
                },
                {
                    "order_id": 47,
                    "building": "A8",
                    "room": "401",
                    "weight": 1.38,
                    "hour": "12:00",
                    "date": "14/4/2025"
                },
                {
                    "order_id": 48,
                    "building": "A11",
                    "room": "301",
                    "weight": 2.32,
                    "hour": "12:00",
                    "date": "14/4/2025"
                },
                {
                    "order_id": 49,
                    "building": "A13",
                    "room": "102",
                    "weight": 0.96,
                    "hour": "12:00",
                    "date": "14/4/2025"
                },
                {
                    "order_id": 50,
                    "building": "A1",
                    "room": "302",
                    "weight": 1.14,
                    "hour": "12:00",
                    "date": "14/4/2025"
                },
                {
                    "order_id": 51,
                    "building": "A12",
                    "room": "201",
                    "weight": 3.38,
                    "hour": "12:00",
                    "date": "14/4/2025"
                },
                {
                    "order_id": 52,
                    "building": "A18",
                    "room": "204",
                    "weight": 0.89,
                    "hour": "12:00",
                    "date": "14/4/2025"
                },
                {
                    "order_id": 53,
                    "building": "AH1",
                    "room": "204",
                    "weight": 0.37,
                    "hour": "12:00",
                    "date": "14/4/2025"
                },
                {
                    "order_id": 54,
                    "building": "A3",
                    "room": "101",
                    "weight": 3.13,
                    "hour": "12:00",
                    "date": "14/4/2025"
                },
                {
                    "order_id": 55,
                    "building": "A5",
                    "room": "301",
                    "weight": 2.73,
                    "hour": "12:00",
                    "date": "14/4/2025"
                },
                {
                    "order_id": 56,
                    "building": "A1",
                    "room": "402",
                    "weight": 1.01,
                    "hour": "12:00",
                    "date": "14/4/2025"
                },
                {
                    "order_id": 57,
                    "building": "A6",
                    "room": "303",
                    "weight": 1.97,
                    "hour": "12:00",
                    "date": "14/4/2025"
                },
                {
                    "order_id": 58,
                    "building": "A17",
                    "room": "204",
                    "weight": 3.61,
                    "hour": "12:00",
                    "date": "14/4/2025"
                },
                {
                    "order_id": 59,
                    "building": "A14",
                    "room": "402",
                    "weight": 0.14,
                    "hour": "12:00",
                    "date": "14/4/2025"
                },
                {
                    "order_id": 60,
                    "building": "A2",
                    "room": "301",
                    "weight": 0.89,
                    "hour": "12:00",
                    "date": "14/4/2025"
                },
                {
                    "order_id": 61,
                    "building": "AH2",
                    "room": "103",
                    "weight": 1.01,
                    "hour": "12:00",
                    "date": "14/4/2025"
                },
                {
                    "order_id": 62,
                    "building": "AH2",
                    "room": "103",
                    "weight": 2.18,
                    "hour": "12:00",
                    "date": "14/4/2025"
                },
                {
                    "order_id": 63,
                    "building": "A4",
                    "room": "303",
                    "weight": 0.53,
                    "hour": "12:00",
                    "date": "14/4/2025"
                },
                {
                    "order_id": 64,
                    "building": "A5",
                    "room": "101",
                    "weight": 3.14,
                    "hour": "12:00",
                    "date": "14/4/2025"
                },
                {
                    "order_id": 65,
                    "building": "A16",
                    "room": "302",
                    "weight": 0.43,
                    "hour": "12:00",
                    "date": "14/4/2025"
                },
                {
                    "order_id": 66,
                    "building": "AG4",
                    "room": "203",
                    "weight": 1.48,
                    "hour": "12:00",
                    "date": "14/4/2025"
                },
                {
                    "order_id": 67,
                    "building": "A14",
                    "room": "202",
                    "weight": 1.61,
                    "hour": "12:00",
                    "date": "14/4/2025"
                },
                {
                    "order_id": 68,
                    "building": "AG3",
                    "room": "301",
                    "weight": 3.6,
                    "hour": "12:00",
                    "date": "14/4/2025"
                },
                {
                    "order_id": 69,
                    "building": "AG4",
                    "room": "302",
                    "weight": 1.27,
                    "hour": "12:00",
                    "date": "14/4/2025"
                },
                {
                    "order_id": 70,
                    "building": "A9",
                    "room": "304",
                    "weight": 0.74,
                    "hour": "12:00",
                    "date": "14/4/2025"
                }
            ]
        }
    }
}