{
    "A": {
        "14/4/2025": {
            "11:00 - 12:45": [
                {
                    "order_id": 1,
                    "building": "A19",
                    "room": "402",
                    "weight": 0.13,
                    "hour": "12:00",
                    "date": "14/4/2025"
                },
                {
                    "order_id": 2,
                    "building": "A6",
                    "room": "401",
                    "weight": 0.4,
                    "hour": "12:00",
                    "date": "14/4/2025"
                },
                {
                    "order_id": 3,
                    "building": "A5",
                    "room": "203",
                    "weight": 0.99,
                    "hour": "12:00",
                    "date": "14/4/2025"
                },
                {
                    "order_id": 4,
                    "building": "A14",
                    "room": "103",
                    "weight": 0.34,
                    "hour": "12:00",
                    "date": "14/4/2025"
                },
                {
                    "order_id": 5,
                    "building": "A18",
                    "room": "401",
                    "weight": 0.4,
                    "hour": "12:00",
                    "date": "14/4/2025"
                }
            ]
        }
    }
}