{
    "A": {
        "14/4/2025": {
            "11:00 - 12:45": [
                {
                    "order_id": 1,
                    "building": "A15",
                    "room": "104",
                    "weight": 0.33,
                    "hour": "12:00",
                    "date": "14/4/2025"
                },
                {
                    "order_id": 2,
                    "building": "A19",
                    "room": "102",
                    "weight": 1.49,
                    "hour": "12:00",
                    "date": "14/4/2025"
                },
                {
                    "order_id": 3,
                    "building": "A18",
                    "room": "101",
                    "weight": 3.54,
                    "hour": "12:00",
                    "date": "14/4/2025"
                },
                {
                    "order_id": 4,
                    "building": "A2",
                    "room": "303",
                    "weight": 0.22,
                    "hour": "12:00",
                    "date": "14/4/2025"
                },
                {
                    "order_id": 5,
                    "building": "A15",
                    "room": "201",
                    "weight": 0.14,
                    "hour": "12:00",
                    "date": "14/4/2025"
                }
            ]
        }
    }
}