{
    "A": {
        "14/4/2025": {
            "11:00 - 12:45": [
                {
                    "order_id": 1,
                    "building": "A8",
                    "room": "301",
                    "weight": 1.24,
                    "hour": "12:00",
                    "date": "14/4/2025"
                },
                {
                    "order_id": 2,
                    "building": "A19",
                    "room": "203",
                    "weight": 1.11,
                    "hour": "12:00",
                    "date": "14/4/2025"
                },
                {
                    "order_id": 3,
                    "building": "A18",
                    "room": "204",
                    "weight": 0.31,
                    "hour": "12:00",
                    "date": "14/4/2025"
                },
                {
                    "order_id": 4,
                    "building": "A6",
                    "room": "102",
                    "weight": 1.7,
                    "hour": "12:00",
                    "date": "14/4/2025"
                },
                {
                    "order_id": 5,
                    "building": "A16",
                    "room": "303",
                    "weight": 1.93,
                    "hour": "12:00",
                    "date": "14/4/2025"
                },
                {
                    "order_id": 6,
                    "building": "A16",
                    "room": "103",
                    "weight": 1.23,
                    "hour": "12:00",
                    "date": "14/4/2025"
                },
                {
                    "order_id": 7,
                    "building": "A16",
                    "room": "203",
                    "weight": 0.29,
                    "hour": "12:00",
                    "date": "14/4/2025"
                },
                {
                    "order_id": 8,
                    "building": "A20",
                    "room": "203",
                    "weight": 2.98,
                    "hour": "12:00",
                    "date": "14/4/2025"
                },
                {
                    "order_id": 9,
                    "building": "AG3",
                    "room": "303",
                    "weight": 0.82,
                    "hour": "12:00",
                    "date": "14/4/2025"
                },
                {
                    "order_id": 10,
                    "building": "A16",
                    "room": "301",
                    "weight": 0.31,
                    "hour": "12:00",
                    "date": "14/4/2025"
                },
                {
                    "order_id": 11,
                    "building": "A1",
                    "room": "203",
                    "weight": 1.01,
                    "hour": "12:00",
                    "date": "14/4/2025"
                },
                {
                    "order_id": 12,
                    "building": "A12",
                    "room": "403",
                    "weight": 0.22,
                    "hour": "12:00",
                    "date": "14/4/2025"
                },
                {
                    "order_id": 13,
                    "building": "A10",
                    "room": "403",
                    "weight": 1.5,
                    "hour": "12:00",
                    "date": "14/4/2025"
                },
                {
                    "order_id": 14,
                    "building": "A14",
                    "room": "104",
                    "weight": 1.89,
                    "hour": "12:00",
                    "date": "14/4/2025"
                },
                {
                    "order_id": 15,
                    "building": "A7",
                    "room": "204",
                    "weight": 0.11,
                    "hour": "12:00",
                    "date": "14/4/2025"
                },
                {
                    "order_id": 16,
                    "building": "A20",
                    "room": "301",
                    "weight": 1.2,
                    "hour": "12:00",
                    "date": "14/4/2025"
                },
                {
                    "order_id": 17,
                    "building": "A6",
                    "room": "302",
                    "weight": 3.71,
                    "hour": "12:00",
                    "date": "14/4/2025"
                },
                {
                    "order_id": 18,
                    "building": "A9",
                    "room": "404",
                    "weight": 1.02,
                    "hour": "12:00",
                    "date": "14/4/2025"
                },
                {
                    "order_id": 19,
                    "building": "A3",
                    "room": "203",
                    "weight": 1.12,
                    "hour": "12:00",
                    "date": "14/4/2025"
                },
                {
                    "order_id": 20,
                    "building": "AG3",
                    "room": "402",
                    "weight": 1.53,
                    "hour": "12:00",
                    "date": "14/4/2025"
                },
                {
                    "order_id": 21,
                    "building": "A18",
                    "room": "302",
                    "weight": 3.86,
                    "hour": "12:00",
                    "date": "14/4/2025"
                },
                {
                    "order_id": 22,
                    "building": "A12",
                    "room": "402",
                    "weight": 1.64,
                    "hour": "12:00",
                    "date": "14/4/2025"
                },
                {
                    "order_id": 23,
                    "building": "A16",
                    "room": "404",
                    "weight": 0.67,
                    "hour": "12:00",
                    "date": "14/4/2025"
                },
                {
                    "order_id": 24,
                    "building": "A11",
                    "room": "303",
                    "weight": 3.44,
                    "hour": "12:00",
                    "date": "14/4/2025"
                },
                {
                    "order_id": 25,
                    "building": "A3",
                    "room": "203",
                    "weight": 1.93,
                    "hour": "12:00",
                    "date": "14/4/2025"
                },
                {
                    "order_id": 26,
                    "building": "A9",
                    "room": "401",
                    "weight": 0.14,
                    "hour": "12:00",
                    "date": "14/4/2025"
                },
                {
                    "order_id": 27,
                    "building": "AH1",
                    "room": "301",
                    "weight": 4.97,
                    "hour": "12:00",
                    "date": "14/4/2025"
                },
                {
                    "order_id": 28,
                    "building": "A14",
                    "room": "303",
                    "weight": 0.61,
                    "hour": "12:00",
                    "date": "14/4/2025"
                },
                {
                    "order_id": 29,
                    "building": "A14",
                    "room": "203",
                    "weight": 0.81,
                    "hour": "12:00",
                    "date": "14/4/2025"
                },
                {
                    "order_id": 30,
                    "building": "A20",
                    "room": "402",
                    "weight": 2.23,
                    "hour": "12:00",
                    "date": "14/4/2025"
                },
                {
                    "order_id": 31,
                    "building": "AG4",
                    "room": "102",
                    "weight": 3.17,
                    "hour": "12:00",
                    "date": "14/4/2025"
                },
                {
                    "order_id": 32,
                    "building": "A6",
                    "room": "103",
                    "weight": 1.59,
                    "hour": "12:00",
                    "date": "14/4/2025"
                },
                {
                    "order_id": 33,
                    "building": "AH1",
                    "room": "203",
                    "weight": 1.71,
                    "hour": "12:00",
                    "date": "14/4/2025"
                },
                {
                    "order_id": 34,
                    "building": "A15",
                    "room": "403",
                    "weight": 0.29,
                    "hour": "12:00",
                    "date": "14/4/2025"
                },
                {
                    "order_id": 35,
                    "building": "A11",
                    "room": "203",
                    "weight": 1.64,
                    "hour": "12:00",
                    "date": "14/4/2025"
                },
                {
                    "order_id": 36,
                    "building": "A17",
                    "room": "404",
                    "weight": 0.11,
                    "hour": "12:00",
                    "date": "14/4/2025"
                },
                {
                    "order_id": 37,
                    "building": "A14",
                    "room": "101",
                    "weight": 1.45,
                    "hour": "12:00",
                    "date": "14/4/2025"
                },
                {
                    "order_id": 38,
                    "building": "AH2",
                    "room": "301",
                    "weight": 1.13,
                    "hour": "12:00",
                    "date": "14/4/2025"
                },
                {
                    "order_id": 39,
                    "building": "A6",
                    "room": "404",
                    "weight": 0.78,
                    "hour": "12:00",
                    "date": "14/4/2025"
                },
                {
                    "order_id": 40,
                    "building": "A5",
                    "room": "203",
                    "weight": 1.6,
                    "hour": "12:00",
                    "date": "14/4/2025"
                },
                {
                    "order_id": 41,
                    "building": "A13",
                    "room": "302",
                    "weight": 1.93,
                    "hour": "12:00",
                    "date": "14/4/2025"
                },
                {
                    "order_id": 42,
                    "building": "A7",
                    "room": "404",
                    "weight": 1.22,
                    "hour": "12:00",
                    "date": "14/4/2025"
                },
                {
                    "order_id": 43,
                    "building": "A2",
                    "room": "303",
                    "weight": 2.12,
                    "hour": "12:00",
                    "date": "14/4/2025"
                },
                {
                    "order_id": 44,
                    "building": "AG4",
                    "room": "204",
                    "weight": 1.75,
                    "hour": "12:00",
                    "date": "14/4/2025"
                },
                {
                    "order_id": 45,
                    "building": "A2",
                    "room": "303",
                    "weight": 2.49,
                    "hour": "12:00",
                    "date": "14/4/2025"
                },
                {
                    "order_id": 46,
                    "building": "A3",
                    "room": "101",
                    "weight": 1.63,
                    "hour": "12:00",
                    "date": "14/4/2025"
                },
                {
                    "order_id": 47,
                    "building": "A3",
                    "room": "302",
                    "weight": 0.28,
                    "hour": "12:00",
                    "date": "14/4/2025"
                },
                {
                    "order_id": 48,
                    "building": "A20",
                    "room": "302",
                    "weight": 0.19,
                    "hour": "12:00",
                    "date": "14/4/2025"
                },
                {
                    "order_id": 49,
                    "building": "AH2",
                    "room": "204",
                    "weight": 2.98,
                    "hour": "12:00",
                    "date": "14/4/2025"
                },
                {
                    "order_id": 50,
                    "building": "A12",
                    "room": "303",
                    "weight": 0.24,
                    "hour": "12:00",
                    "date": "14/4/2025"
                },
                {
                    "order_id": 51,
                    "building": "A6",
                    "room": "404",
                    "weight": 1.18,
                    "hour": "12:00",
                    "date": "14/4/2025"
                },
                {
                    "order_id": 52,
                    "building": "AG3",
                    "room": "204",
                    "weight": 0.21,
                    "hour": "12:00",
                    "date": "14/4/2025"
                },
                {
                    "order_id": 53,
                    "building": "A9",
                    "room": "102",
                    "weight": 1.33,
                    "hour": "12:00",
                    "date": "14/4/2025"
                },
                {
                    "order_id": 54,
                    "building": "A2",
                    "room": "201",
                    "weight": 1.86,
                    "hour": "12:00",
                    "date": "14/4/2025"
                },
                {
                    "order_id": 55,
                    "building": "A8",
                    "room": "403",
                    "weight": 0.37,
                    "hour": "12:00",
                    "date": "14/4/2025"
                },
                {
                    "order_id": 56,
                    "building": "A3",
                    "room": "302",
                    "weight": 1.16,
                    "hour": "12:00",
                    "date": "14/4/2025"
                },
                {
                    "order_id": 57,
                    "building": "AG3",
                    "room": "201",
                    "weight": 0.99,
                    "hour": "12:00",
                    "date": "14/4/2025"
                },
                {
                    "order_id": 58,
                    "building": "A13",
                    "room": "201",
                    "weight": 1.15,
                    "hour": "12:00",
                    "date": "14/4/2025"
                },
                {
                    "order_id": 59,
                    "building": "AG3",
                    "room": "104",
                    "weight": 0.81,
                    "hour": "12:00",
                    "date": "14/4/2025"
                },
                {
                    "order_id": 60,
                    "building": "AH1",
                    "room": "403",
                    "weight": 4.79,
                    "hour": "12:00",
                    "date": "14/4/2025"
                },
                {
                    "order_id": 61,
                    "building": "AG4",
                    "room": "102",
                    "weight": 1.06,
                    "hour": "12:00",
                    "date": "14/4/2025"
                },
                {
                    "order_id": 62,
                    "building": "A9",
                    "room": "102",
                    "weight": 1.56,
                    "hour": "12:00",
                    "date": "14/4/2025"
                },
                {
                    "order_id": 63,
                    "building": "A4",
                    "room": "201",
                    "weight": 0.57,
                    "hour": "12:00",
                    "date": "14/4/2025"
                },
                {
                    "order_id": 64,
                    "building": "A4",
                    "room": "103",
                    "weight": 1.7,
                    "hour": "12:00",
                    "date": "14/4/2025"
                },
                {
                    "order_id": 65,
                    "building": "A1",
                    "room": "101",
                    "weight": 1.22,
                    "hour": "12:00",
                    "date": "14/4/2025"
                },
                {
                    "order_id": 66,
                    "building": "AG4",
                    "room": "102",
                    "weight": 1.07,
                    "hour": "12:00",
                    "date": "14/4/2025"
                },
                {
                    "order_id": 67,
                    "building": "A3",
                    "room": "204",
                    "weight": 0.56,
                    "hour": "12:00",
                    "date": "14/4/2025"
                },
                {
                    "order_id": 68,
                    "building": "A14",
                    "room": "201",
                    "weight": 0.8,
                    "hour": "12:00",
                    "date": "14/4/2025"
                },
                {
                    "order_id": 69,
                    "building": "A4",
                    "room": "402",
                    "weight": 1.17,
                    "hour": "12:00",
                    "date": "14/4/2025"
                },
                {
                    "order_id": 70,
                    "building": "AH2",
                    "room": "402",
                    "weight": 1.13,
                    "hour": "12:00",
                    "date": "14/4/2025"
                },
                {
                    "order_id": 71,
                    "building": "A14",
                    "room": "103",
                    "weight": 0.62,
                    "hour": "12:00",
                    "date": "14/4/2025"
                },
                {
                    "order_id": 72,
                    "building": "A1",
                    "room": "304",
                    "weight": 0.93,
                    "hour": "12:00",
                    "date": "14/4/2025"
                },
                {
                    "order_id": 73,
                    "building": "A9",
                    "room": "103",
                    "weight": 1.66,
                    "hour": "12:00",
                    "date": "14/4/2025"
                },
                {
                    "order_id": 74,
                    "building": "AH2",
                    "room": "301",
                    "weight": 0.28,
                    "hour": "12:00",
                    "date": "14/4/2025"
                },
                {
                    "order_id": 75,
                    "building": "A20",
                    "room": "402",
                    "weight": 0.82,
                    "hour": "12:00",
                    "date": "14/4/2025"
                },
                {
                    "order_id": 76,
                    "building": "A9",
                    "room": "303",
                    "weight": 4.64,
                    "hour": "12:00",
                    "date": "14/4/2025"
                },
                {
                    "order_id": 77,
                    "building": "AH1",
                    "room": "304",
                    "weight": 1.33,
                    "hour": "12:00",
                    "date": "14/4/2025"
                },
                {
                    "order_id": 78,
                    "building": "A4",
                    "room": "204",
                    "weight": 0.4,
                    "hour": "12:00",
                    "date": "14/4/2025"
                },
                {
                    "order_id": 79,
                    "building": "A5",
                    "room": "102",
                    "weight": 1.57,
                    "hour": "12:00",
                    "date": "14/4/2025"
                },
                {
                    "order_id": 80,
                    "building": "A9",
                    "room": "201",
                    "weight": 1.22,
                    "hour": "12:00",
                    "date": "14/4/2025"
                },
                {
                    "order_id": 81,
                    "building": "A14",
                    "room": "203",
                    "weight": 2.62,
                    "hour": "12:00",
                    "date": "14/4/2025"
                },
                {
                    "order_id": 82,
                    "building": "A10",
                    "room": "302",
                    "weight": 1.52,
                    "hour": "12:00",
                    "date": "14/4/2025"
                },
                {
                    "order_id": 83,
                    "building": "A14",
                    "room": "101",
                    "weight": 1.17,
                    "hour": "12:00",
                    "date": "14/4/2025"
                },
                {
                    "order_id": 84,
                    "building": "A19",
                    "room": "404",
                    "weight": 1.85,
                    "hour": "12:00",
                    "date": "14/4/2025"
                },
                {
                    "order_id": 85,
                    "building": "A19",
                    "room": "203",
                    "weight": 1.17,
                    "hour": "12:00",
                    "date": "14/4/2025"
                },
                {
                    "order_id": 86,
                    "building": "A19",
                    "room": "101",
                    "weight": 1.67,
                    "hour": "12:00",
                    "date": "14/4/2025"
                },
                {
                    "order_id": 87,
                    "building": "A3",
                    "room": "201",
                    "weight": 1.04,
                    "hour": "12:00",
                    "date": "14/4/2025"
                },
                {
                    "order_id": 88,
                    "building": "A3",
                    "room": "201",
                    "weight": 0.36,
                    "hour": "12:00",
                    "date": "14/4/2025"
                },
                {
                    "order_id": 89,
                    "building": "A4",
                    "room": "402",
                    "weight": 1.02,
                    "hour": "12:00",
                    "date": "14/4/2025"
                },
                {
                    "order_id": 90,
                    "building": "A18",
                    "room": "404",
                    "weight": 1.77,
                    "hour": "12:00",
                    "date": "14/4/2025"
                },
                {
                    "order_id": 91,
                    "building": "A15",
                    "room": "204",
                    "weight": 1.7,
                    "hour": "12:00",
                    "date": "14/4/2025"
                },
                {
                    "order_id": 92,
                    "building": "AH2",
                    "room": "104",
                    "weight": 1.19,
                    "hour": "12:00",
                    "date": "14/4/2025"
                },
                {
                    "order_id": 93,
                    "building": "AG3",
                    "room": "404",
                    "weight": 1.8,
                    "hour": "12:00",
                    "date": "14/4/2025"
                },
                {
                    "order_id": 94,
                    "building": "A20",
                    "room": "101",
                    "weight": 1.78,
                    "hour": "12:00",
                    "date": "14/4/2025"
                },
                {
                    "order_id": 95,
                    "building": "A16",
                    "room": "402",
                    "weight": 1.58,
                    "hour": "12:00",
                    "date": "14/4/2025"
                },
                {
                    "order_id": 96,
                    "building": "A15",
                    "room": "301",
                    "weight": 1.78,
                    "hour": "12:00",
                    "date": "14/4/2025"
                },
                {
                    "order_id": 97,
                    "building": "A12",
                    "room": "302",
                    "weight": 1.79,
                    "hour": "12:00",
                    "date": "14/4/2025"
                },
                {
                    "order_id": 98,
                    "building": "A7",
                    "room": "304",
                    "weight": 0.94,
                    "hour": "12:00",
                    "date": "14/4/2025"
                },
                {
                    "order_id": 99,
                    "building": "A13",
                    "room": "201",
                    "weight": 0.66,
                    "hour": "12:00",
                    "date": "14/4/2025"
                },
                {
                    "order_id": 100,
                    "building": "A9",
                    "room": "102",
                    "weight": 4.3,
                    "hour": "12:00",
                    "date": "14/4/2025"
                }
            ]
        }
    }
}